code,brand,model
ABR,Adidas,Barricade
ABTR,Adidas,Barricade Tour
AFR,Adidas,Feather
ARR,Adidas,Response
A109,Asics,Asics 109
A116,Asics,Asics 116
A125,Asics,Asics 125
ABZ100,Asics,BZ 100
AM3CON,Avery,M3 Control
AM3POW,Avery,M3 Power
AM5OS,Avery,M5
BA112,Babolat,Aero 112
BABR,Babolat,Aero Blast
BAS,Babolat,Aero Storm
BASGT,Babolat,Aero Storm GT
BASTGT,Babolat,Aero Storm Tour GT
BAT,Babolat,Aero Tour MP
BATOS,Babolat,Aero Tour OS
BAPCP,Babolat,AeroPro Control Plus
APD13,Babolat,AeroPro Drive 2013
BAPDC,Babolat,AeroPro Drive Cortex
BAPDGT,Babolat,AeroPro Drive GT
APDGTP,Babolat,AeroPro Drive GT Plus
APDP13,Babolat,AeroPro Drive GT Plus / 2013
BAPDP,Babolat,AeroPro Drive Plus
BAPLGT,Babolat,AeroPro Lite GT
APL13,Babolat,AeroPro Lite/2013
BAPTGT,Babolat,AeroPro Team GT
APT13,Babolat,AeroPro Team GT/2013
Z110,Babolat,Drive Z 110
Z1109,Babolat,Drive Z 110 2009
DZ118,Babolat,Drive Z 118
DZ1189,Babolat,Drive Z 118 2009
BDZL,Babolat,Drive Z Lite
BPLYPD,Babolat,Play Pure Drive
BPA,Babolat,Pure Aero
BPAR,Babolat,Pure Aero (2019)
BARO,Babolat,Pure Aero 2023
BPAR26,Babolat,Pure Aero 2026
BARO98,Babolat,Pure Aero 98 2023
BPA98R,Babolat,Pure Aero 98 2026
BPAL,Babolat,Pure Aero Lite
BPARL,Babolat,Pure Aero Lite (2019)
BAROL,Babolat,Pure Aero Lite 2023
BPALTR,Babolat,Pure Aero Lite 2026
BPAP,Babolat,Pure Aero Plus
BPAPR,Babolat,Pure Aero Plus (2019)
BAROPL,Babolat,Pure Aero Plus 2023
BPAPLR,Babolat,Pure Aero Plus 2026
BPARSL,Babolat,Pure Aero Super Lite 2026
BPAT,Babolat,Pure Aero Team
BPART,Babolat,Pure Aero Team (2019)
BAROTM,Babolat,Pure Aero Team 2023
BPAT26,Babolat,Pure Aero Team 2026
BPATR,Babolat,Pure Aero Tour
BPATRR,Babolat,Pure Aero Tour (2019)
BPAVSR,Babolat,Pure Aero VS
BPAVS,Babolat,Pure Aero VS Stars and Stripes
PAVST,Babolat,Pure Aero VS Tour
PC,Babolat,Pure Control
PC95,Babolat,Pure Control 95
PC95P,Babolat,Pure Control 95+
PCT,Babolat,Pure Control Tour
PCTP,Babolat,Pure Control Tour+
BPD11,Babolat,Pure Drive (2012)
BRPDR,Babolat,Pure Drive (2021)
PD107,Babolat,Pure Drive 107
10711,Babolat,Pure Drive 107 (2012)
BPD107,Babolat,Pure Drive 107 (2018)
BRPD17,Babolat,Pure Drive 107 2021
BPD17R,Babolat,Pure Drive 107 2025
PD1079,Babolat,Pure Drive 107 GT 2009
PD110,Babolat,Pure Drive 110
BPD110,Babolat,Pure Drive 110 (2018)
BRPD11,Babolat,Pure Drive 110 2021
BPD,Babolat,Pure Drive 2015
BPD1H,Babolat,Pure Drive 2017
BPD25R,Babolat,Pure Drive 2025
PD98R,Babolat,Pure Drive 98 2025
BPDGT,Babolat,Pure Drive GT
BPDGTP,Babolat,Pure Drive GT Plus
BPDL11,Babolat,Pure Drive Lite
PDL,Babolat,Pure Drive Lite
BPDL,Babolat,Pure Drive Lite (2018)
BRPDL,Babolat,Pure Drive Lite 2021
BPDLR,Babolat,Pure Drive Lite 2025
PDWIML,Babolat,Pure Drive Lite Wimbledon
BPDP12,Babolat,Pure Drive Plus
BPDPL,Babolat,Pure Drive Plus
PDP,Babolat,Pure Drive Plus (2018)
BRPDP,Babolat,Pure Drive Plus 2021
BPDP25,Babolat,Pure Drive Plus 2025
BPDR,Babolat,Pure Drive Roddick
BPDR11,Babolat,Pure Drive Roddick (2012)
BPDRGT,Babolat,Pure Drive Roddick GT
PDRGTP,Babolat,Pure Drive Roddick GT Plus
BPDRP,Babolat,Pure Drive Roddick Plus
BPRP12,Babolat,Pure Drive Roddick Plus (2012)
PDT,Babolat,Pure Drive Team
BRPTE,Babolat,Pure Drive Team 2021
BRPTR,Babolat,Pure Drive Team 2025
PBDP,Babolat,Pure Drive Team Plus
PDTR,Babolat,Pure Drive Tour
BPDT,Babolat,Pure Drive Tour (2018)
BRPDT,Babolat,Pure Drive Tour 2021
PDTRP,Babolat,Pure Drive Tour Plus
BPDTP,Babolat,Pure Drive Tour Plus (2018)
PDVS,Babolat,Pure Drive VS
PDWIM,Babolat,Pure Drive Wimbledon
PSSTRR,Babolat,Pure Stike 98 18x20 2024
BPSTRM,Babolat,Pure Storm
BPSGT,Babolat,Pure Storm GT 2009
BPS,Babolat,Pure Storm GT 2011
BPSL,Babolat,Pure Storm Ltd GT (NEW)
BPSLGT,Babolat,Pure Storm Ltd. GT 2009
BPST,Babolat,Pure Storm Team GT
BPSTT,Babolat,Pure Storm Tour
BPSTR,Babolat,Pure Storm Tour GT
BPSTGT,Babolat,Pure Storm Tour GT 2009
BPSTTP,Babolat,Pure Storm Tour Plus
BPSTRP,Babolat,Pure Storm Tour Plus GT
BPSTP,Babolat,Pure Storm Tour+ GT 2009
BPS18,Babolat,Pure Strike (18x20)
PS100,Babolat,Pure Strike 100
PQS1H,Babolat,Pure Strike 100 (2016)
PS1620,Babolat,Pure Strike 100 16x20 2024
STRPS,Babolat,Pure Strike 100 2024
BPSTRI,Babolat,Pure Strike 100 3rd Gen
PS1HT,Babolat,Pure Strike 100 Team
BPS103,Babolat,Pure Strike 103
BPS16,Babolat,Pure Strike 16x19
PS16,Babolat,Pure Strike 16x19 (2016)
PS1619,Babolat,Pure Strike 16x19 3rd Gen
PS1820,Babolat,Pure Strike 18x20
PS182,Babolat,Pure Strike 18x20 3rd Gen
PS97S,Babolat,Pure Strike 97
PSRKT,Babolat,Pure Strike 98 16x19 2024
BSRKT,Babolat,Pure Strike Team 2024
PST,Babolat,Pure Strike Tour
BPSTTO,Babolat,Pure Strike Tour 3rd Gen
PSVS,Babolat,Pure Strike VS
PSVSIN,Babolat,Pure Strike VS
PSVST,Babolat,Pure Strike VS Tour
NCTC,Babolat,VS NCT Control
BXS102,Babolat,XS 102
BX102,Babolat,XS 102
BXS105,Babolat,XS 105
BX109,Babolat,XS 109
Y105S,Babolat,Y 105 Smart Grip
Y109S,Babolat,Y 109 Smart Grip
Y112,Babolat,Y 112
Y112L,Babolat,Y 112 LTD
Y118,Babolat,Y 118
B11,Boris Becker,Becker 11 (heavy)
B11SE,Boris Becker,Becker 11 Special Edition 98
B11L,Boris Becker,Boris Becker 11 Light
BDC1,Boris Becker,Delta Core 1
BDC3,Boris Becker,Delta Core 3
BDCL,Boris Becker,Delta Core Legend
BBDCL,Boris Becker,Delta Core London
BBDCLT,Boris Becker,Delta Core London Tour
BBDCM,Boris Becker,Delta Core Melbourne
BDCPRO,Boris Becker,Delta Core Pro
DFORM,Donnay,Formula 100
DFL,Donnay,Formula Lite 100
DFOSX,Donnay,Formula OS Ext
DPRO1,Donnay,Pro One
DP197,Donnay,Pro One 97 18x20
DP1OS,Donnay,Pro One OS
DP1OSX,Donnay,Pro One OS Ext
DXBK94,Donnay,X-Black 94
DXBK99,Donnay,X-Black 99
DXB94,Donnay,X-Blue 94
DXB99,Donnay,X-Blue 99
DXDR94,Donnay,X-Dark Red 94
DDCP,Donnay,X-Dual Core Platinum 94
DDCS99,Donnay,X-Dual Core Silver 99
DDCG,Donnay,X-Dual Gold 94
DCSL99,Donnay,X-Dual Silver Lite 99
DXO99,Donnay,X-Orange 99
XPDLW,Donnay,X-P Dual Lite White 102
DXR94,Donnay,X-Red 94
DXR99,Donnay,X-Red 99
DXW99,Donnay,X-White 99
DXY99,Donnay,X-Yellow 99
DAG100,Dunlop,Aerogel 100
DAG1K,Dunlop,Aerogel 1000
DAG200,Dunlop,Aerogel 2Hundred
DAG300,Dunlop,Aerogel 3Hundred
D4D1,Dunlop,Aerogel 4D 100 (1Hundred)
D4D2,Dunlop,Aerogel 4D 200 (2Hundred)
D4D2T,Dunlop,Aerogel 4D 200 Tour (2Hundred)
D4D3T,Dunlop,Aerogel 4D 300 (3Hundred)
DAG3HT,Dunlop,Aerogel 4D 300 (3Hundred) Tour
AG55OL,Dunlop,Aerogel 4D 5 Fifty Lite
D4D5,Dunlop,Aerogel 4D 500 (5Hundred)
D4D5T,Dunlop,Aerogel 4D 500 (5Hundred) Tour
D4D7,Dunlop,Aerogel 4D 700 (7Hundred)
D4DSL,Dunlop,Aerogel 4D Super-Lite
DAG500,Dunlop,Aerogel 5Hundred
AG500T,Dunlop,Aerogel 5Hundred Tour
DAG600,Dunlop,Aerogel 600 MP
DAG700,Dunlop,Aerogel 7Hundred
DAG900,Dunlop,Aerogel 9Hundred OS
DAGR,Dunlop,Aerogel Rush
DAGS,Dunlop,Aerogel Smoke
DAGT,Dunlop,Aerogel Titan
DF31T,Dunlop,BioFibre F3.1 Tour
DM21,Dunlop,BioFibre M2.1
DM31,Dunlop,BioFibre M3.1
DS81,Dunlop,BioFibre S8.1 Lite
DB1H,Dunlop,Biomimetic 100
DB2H,Dunlop,Biomimetic 200
DB2HL,Dunlop,Biomimetic 200 Lite
DB2HP12,Dunlop,Biomimetic 200 Plus
DB2HT,Dunlop,Biomimetic 200 Tour
DB3H,Dunlop,Biomimetic 300
DB3HT,Dunlop,Biomimetic 300 Tour
DB4HT,Dunlop,Biomimetic 400
DB4HL,Dunlop,Biomimetic 400 Lite
DB4H,Dunlop,Biomimetic 400 Tour
DB5H,Dunlop,Biomimetic 500
DB5HP,Dunlop,Biomimetic 500 Plus
DB5HT,Dunlop,Biomimetic 500 Tour
DB6H,Dunlop,Biomimetic 600
DB6HL,Dunlop,Biomimetic 600 Lite
DB6HT,Dunlop,Biomimetic 600 Tour
DBMBW,Dunlop,Biomimetic Black Widow
DF30T,Dunlop,Biomimetic F 3.0 Tour
DBF2T,Dunlop,Biomimetic F2.0 Tour
DBF5T,Dunlop,Biomimetic F5.0 Tour
DM30,Dunlop,Biomimetic M 3.0
DM60,Dunlop,Biomimetic M 6.0
DBF5,Dunlop,Biomimetic M5.0
DBM2HG,Dunlop,Biomimetic Max 200G
DBS2L,Dunlop,Biomimetic S 2.0
DS30L,Dunlop,Biomimetic S 3.0 Lite
DBS6LP,Dunlop,Biomimetic S 6.0
DS60L,Dunlop,Biomimetic S 6.0 Lite
DBS7L,Dunlop,Biomimetic S 7.0
DS80L,Dunlop,Biomimetic S 8.0 Lite
DBS5L,Dunlop,Biomimetic S5.0 Lite
D200S,Dunlop,CX 200
DCX2S,Dunlop,CX 200
D200OS,Dunlop,CX 200 OS
DCX2OS,Dunlop,CX 200 OS
D200T6,Dunlop,CX 200 Tour 16x19
D200T8,Dunlop,CX 200 Tour 18x20
DCX4R,Dunlop,CX 400
DS400R,Dunlop,CX 400
D400T,Dunlop,CX 400 Tour
DCX4T,Dunlop,CX 400 Tour
DBF4T,Dunlop,F4.0 Tour
FX500R,Dunlop,FX 500
DFX500,Dunlop,FX 500 2023
DF500,Dunlop,FX 500 2025
F500LS,Dunlop,FX 500 LS
FX5LS,Dunlop,FX 500 LS 2023
DF50LS,Dunlop,FX 500 LS 2025
FX500L,Dunlop,FX 500 Lite
FX5LR,Dunlop,FX 500 Lite 2023
FX500T,Dunlop,FX 500 Tour
FX5TR,Dunlop,FX 500 Tour 2023
DF50T,Dunlop,FX 500 Tour 2025
FX700R,Dunlop,FX 700
DFX7R,Dunlop,FX 700 2023
DF100,Dunlop,Force 100
DF100T,Dunlop,Force 100 Tour
DF105,Dunlop,Force 105
DF98,Dunlop,Force 98
DF98T,Dunlop,Force 98 Tour
D200,Dunlop,M-Fil 200
D300,Dunlop,M-Fil 300
D400,Dunlop,M-Fil 400
MF800D,Dunlop,M-Fil 800
DBM4,Dunlop,M4.0
DP100,Dunlop,Precision 100
DP100T,Dunlop,Precision 100 Tour
DP98,Dunlop,Precision 98
DP98T,Dunlop,Precision 98 Tour
DBS4L,Dunlop,S4.0 Lite
X300DU,Dunlop,SX 300
T310DU,Dunlop,SX 300 Tour
RSX300,Dunlop,SX300
SX300T,Dunlop,SX300 Tour
CX2H,Dunlop,Srixon CX 200
CX2HLS,Dunlop,Srixon CX 200 LS
CX2H16,Dunlop,Srixon CX 200 Tour (16x19)
DSCX2H,Dunlop,Srixon CX 200 Tour (18x20)
CX2HP,Dunlop,Srixon CX 200+
CX4H,Dunlop,Srixon CX 400
RV3,Dunlop,Srixon Revo CV 3.0
RV3F,Dunlop,Srixon Revo CV 3.0 F
RV3FLS,Dunlop,Srixon Revo CV 3.0 F LS
RV3T,Dunlop,Srixon Revo CV 3.0 F Tour
RV5,Dunlop,Srixon Revo CV 5.0
RV5OS,Dunlop,Srixon Revo CV 5.0 OS
RCX2,Dunlop,Srixon Revo CX 2.0
RCX2LS,Dunlop,Srixon Revo CX 2.0 LS
RCX4,Dunlop,Srixon Revo CX 4.0
R2T18,Dunlop,Srixon Revo CX Tour 18x20
RCZ1HS,Dunlop,Srixon Revo CZ 100S
RCZ98D,Dunlop,Srixon Revo CZ 98D
IDF1H,Dunlop,iDapt Force 100
IDF1HSH,Dunlop,iDapt Force 100S
IDF105H,Dunlop,iDapt Force 105
IDF98,Dunlop,iDapt Force 98
FMC95,Fischer,M Comp 95
MP198U,Fischer,M Pro Number One 98 Light
MP198S,Fischer,M Pro Number One 98 SL
FMTSL,Fischer,Magnetic Tour ++ (heavy)
FPNT,Fischer,Progressor NT
GBUBBA,Gamma,Big Bubba
GC1,Gamma,C-1
GC2,Gamma,C-2
GC3,Gamma,C-3
GC4,Gamma,C-4
G1000,Gamma,CP-1000
G1200,Gamma,CP-1200
G250,Gamma,G250
G260,Gamma,G260
G310,Gamma,G310
IPEX2,Gamma,Ipex 2.0 OS
GR100,Gamma,RZR 100
GR100T,Gamma,RZR 100T
GR105,Gamma,RZR 105
GR110,Gamma,RZR 110
GR95,Gamma,RZR 95
GR98,Gamma,RZR 98
GR98T,Gamma,RZR 98 T
GT5,Gamma,T-5
GT6,Gamma,T-6
GT7,Gamma,T-7
G300,Gamma,Tour 300X
G320X,Gamma,Tour 320X
G330X,Gamma,Tour 330X
G340,Gamma,Tour 340X
G340T,Gamma,Tour 340X Team
HAF1,Head,Airflow 1
HAF3,Head,Airflow 3
HAF308,Head,Airflow 3 Crossbow
HAF5,Head,Airflow 5
HAF508,Head,Airflow 5 Crossbow
HAF7,Head,Airflow 7
HAF708,Head,Airflow 7 Crossbow
BOOMM,Head,Boom MP 2022
HBOOMM,Head,Boom MP 2024
BOOMP,Head,Boom Pro 2022
HBOOMP,Head,Boom Pro 2024
HBOOMT,Head,Boom Team 2024
HCB10,Head,Crossbow 10
HCB2,Head,Crossbow 2
HCB4,Head,Crossbow 4
HCB63,Head,Crossbow 6
HCB8,Head,Crossbow 8
HREM22,Head,Extreme MP 2022
HREP24,Head,Extreme Pro 2024
HRET22,Head,Extreme Tour 2022
FPIT,Head,FXP Instinct Team MP
FXPRT,Head,FXP Radical Team
HFP10,Head,Flexpoint 10
HFROS,Head,Flexpoint 6 OS
FXPH,Head,Flexpoint Heat MP
FXPP,Head,Flexpoint Prestige Mid
FXPPXL,Head,Flexpoint Prestige XL MP
FPRMP,Head,Flexpoint Radical MP
FPR,Head,Flexpoint Radical OS
H360EL,Head,Graphene 360 Extreme Lite
H360EM,Head,Graphene 360 Extreme MP
H360EP,Head,Graphene 360 Extreme Pro
H360IL,Head,Graphene 360 Instinct Lite
H360IM,Head,Graphene 360 Instinct MP
H360IP,Head,Graphene 360 Instinct PWR
H360IS,Head,Graphene 360 Instinct S
HG3RMP,Head,Graphene 360 Radical MP
HG3RP,Head,Graphene 360 Radical Pro
HG3RS,Head,Graphene 360 Radical S
HGSLR,Head,Graphene 360 Speed Lite
HGSPM,Head,Graphene 360 Speed MP
HG360L,Head,Graphene 360 Speed MP Lite
HG360S,Head,Graphene 360 Speed Pro
HG36L,Head,Graphene 360+ Extreme Lite
360XM,Head,Graphene 360+ Extreme MP
MPNEXT,Head,Graphene 360+ Extreme Nite MP
TONEXT,Head,Graphene 360+ Extreme Nite Tour
HG36S,Head,Graphene 360+ Extreme S
G360ET,Head,Graphene 360+ Extreme Tour
HGLI36,Head,Graphene 360+ Gravity Lite
HRGL,Head,Graphene 360+ Gravity Lite 2021
HGMG36,Head,Graphene 360+ Gravity MP
HRGMP,Head,Graphene 360+ Gravity MP 2021
HGML36,Head,Graphene 360+ Gravity MP Lite
HGPG36,Head,Graphene 360+ Gravity Pro
HRGP,Head,Graphene 360+ Gravity Pro 2021
HGRS36,Head,Graphene 360+ Gravity S
HRGS,Head,Graphene 360+ Gravity S 2021
HGTG36,Head,Graphene 360+ Gravity Tour
HGRATR,Head,Graphene 360+ Gravity Tour 2021
HRIL,Head,Graphene 360+ Instinct Lite
HRIMP,Head,Graphene 360+ Instinct MP
HINPWR,Head,Graphene 360+ Instinct PWR
HPRMIR,Head,Graphene 360+ Prestige Mid
HPRMPR,Head,Graphene 360+ Prestige Midplus
HPREPR,Head,Graphene 360+ Prestige Pro
HPRTOR,Head,Graphene 360+ Prestige Tour
HRRMP,Head,Graphene 360+ Radical MP
HRRP,Head,Graphene 360+ Radical Pro
HRRS,Head,Graphene 360+ Radical S
H3SLIT,Head,Graphene 360+ Speed Lite
H3SMIP,Head,Graphene 360+ Speed MP
HRSMP,Head,Graphene 360+ Speed MP (Black)
H3SMPL,Head,Graphene 360+ Speed MP Lite
H3SPWR,Head,Graphene 360+ Speed PWR
H3SPRO,Head,Graphene 360+ Speed Pro
HRSPB,Head,Graphene 360+ Speed Pro (Black)
H3SSMA,Head,Graphene 360+ Speed S
HGEL,Head,Graphene Extreme Lite
HGEMP,Head,Graphene Extreme MP
HGEP,Head,Graphene Extreme Pro
GPMP,Head,Graphene Prestige Midplus
GPP,Head,Graphene Prestige Pro
GPRP,Head,Graphene Prestige Rev Pro
GPS,Head,Graphene Prestige S
HGRMP,Head,Graphene Radical MP
HGRP,Head,Graphene Radical Pro
HGREV,Head,Graphene Radical Rev
HGRS,Head,Graphene Radical S
HGTEL,Head,Graphene Touch Extreme Lite
HGTEMP,Head,Graphene Touch Extreme MP
HGTIL,Head,Graphene Touch Instinct Lite
HGTIMP,Head,Graphene Touch Instinct MP
HGTIP,Head,Graphene Touch Instinct PWR
HGTIS,Head,Graphene Touch Instinct S
GTPM,Head,Graphene Touch Prestige Mid
GTPMP,Head,Graphene Touch Prestige Midplus
GTPP,Head,Graphene Touch Prestige Pro
GTPT,Head,Graphene Touch Prestige Tour
HGTRMP,Head,Graphene Touch Radical MP
GTRMPL,Head,Graphene Touch Radical MP Ltd.
GRP,Head,Graphene Touch Radical Pro
HGTRS,Head,Graphene Touch Radical S
GTSMP,Head,Graphene Touch Speed MP
HGTSPW,Head,Graphene Touch Speed PWR
GTSP,Head,Graphene Touch Speed Pro
GTSS,Head,Graphene Touch Speed S
HXTEL,Head,Graphene XT Extreme Lite
HXTEMP,Head,Graphene XT Extreme MP A
HXTEP,Head,Graphene XT Extreme Pro
HGXIMP,Head,Graphene XT Instinct MP
HGXIRP,Head,Graphene XT Instinct Rev Pro
HGXIS,Head,Graphene XT Instinct S
GXTPMP,Head,Graphene XT Prestige Midplus
GXTPP,Head,Graphene XT Prestige Pro
GXTPRP,Head,Graphene XT Prestige Rev Pro
GXTPS,Head,Graphene XT Prestige S
HGXTRL,Head,Graphene XT Radical Lite
HGXTRMA,Head,Graphene XT Radical MP A
HGXTRPR,Head,Graphene XT Radical Pro
HGXTRS,Head,Graphene XT Radical S
GXSMP,Head,Graphene XT Speed MPA
GXSP,Head,Graphene XT Speed Pro
HGSPR,Head,Graphene XT Speed Rev Pro
GXSS,Head,Graphene XT Speed S
HGMPG,Head,Gravity MP 2025
HGMLPG12,Head,Gravity MP L 2025
HGPRR,Head,Gravity Pro 2025
HRTMPG,Head,Gravity Team 2025
HGTRR,Head,Gravity Tour 2025
LM4,Head,Liquid Metal 4 OS
LM8,Head,Liquid Metal 8 OS
HINST,Head,Liquid Metal Instinct MP
LMRAD,Head,Liquid Metal Radical MP
LMRADO,Head,Liquid Metal Radical OS
LMP,Head,Liquidmetal Prestige Mid
MXG3,Head,MXG 3
MXG5,Head,MXG 5
MTLX10,Head,Metallix 10
MTLX2,Head,Metallix 2
MTLX4,Head,Metallix 4 OS
MTLX6,Head,Metallix 6
MGXP09,Head,MicroGEL Extreme Pro 2009
HMGXP,Head,MicroGEL Extreme Pro MP
HMGRAD,Head,MicroGEL Radical MP
MGRADO,Head,MicroGEL Radical OS
MGRADP,Head,MicroGEL Radical Pro MP
HMGXT,Head,MicroGel Extreme Team
HMGX09,Head,Microgel Extreme MP 2009
MGXT09,Head,Microgel Extreme Team 2009
HGINST,Head,Microgel Instinct MP
MGP,Head,Microgel Prestige MP
MGPMID,Head,Microgel Prestige Mid
MGPP,Head,Microgel Prestige Pro
HGRADT,Head,Microgel Radical Team MP
MXG1,Head,MxG1
MXG7,Head,MxG7
CLASIU,Head,Prestige Classic 2.0
MIPPRE,Head,Prestige MP 2021
HPRMPL,Head,Prestige MP L 2023
PROPRE,Head,Prestige Pro 2021
PRPROR,Head,Prestige Pro 2023
TOUPRE,Head,Prestige Tour 2021
THPRTR,Head,Prestige Tour 2023
HDPT2,Head,Pro Tour 2.0
HP,Head,Protector
HPMP,Head,Protector Midplus
HMPR,Head,Radical MP 2023
HROSL,Head,Radical Oversize Ltd.
HRPR,Head,Radical Pro 2023
HRTR,Head,Radical Team 2023
SPDM,Head,Speed MP 2022
HSPDM,Head,Speed MP 2024
HSPMP6,Head,Speed MP 2026
HSPDML,Head,Speed MP L 2024
HSMPL6,Head,Speed MP L 2026
HSMPUL,Head,Speed MP UL 2026
SPDP,Head,Speed Pro 2022
HSPDP,Head,Speed Pro 2024
HSPDP6,Head,Speed Pro 2026
HSPDTM,Head,Speed Team 2024
HSPTM6,Head,Speed Team 2026
HSPDT6,Head,Speed Tour 2026
HSQUR,Head,Squared 2026
TIS6,Head,Titanium Ti.S6
YTXMP,Head,YOUTEK Extreme MP
YTXP,Head,YOUTEK Extreme Pro
HGIMP,Head,YOUTEK Graphene Instinct MP
HGIPWR,Head,YOUTEK Graphene Instinct PWR
HGIR,Head,YOUTEK Graphene Instinct REV
HGIS,Head,YOUTEK Graphene Instinct S
HGPPWR,Head,YOUTEK Graphene Prestige PWR
HGSMP,Head,YOUTEK Graphene Speed MP
HGSPRO,Head,YOUTEK Graphene Speed PRO
HGSPWR,Head,YOUTEK Graphene Speed PWR
HGSR,Head,YOUTEK Graphene Speed REV
HGSS,Head,YOUTEK Graphene Speed S
HYXMP1,Head,YOUTEK IG Extreme MP
HYIGXM,Head,YOUTEK IG Extreme MP 2.0
HYTXP1,Head,YOUTEK IG Extreme Pro
HYTIGX,Head,YOUTEK IG Extreme Pro 2.0
HYTIGS,Head,YOUTEK IG Extreme S 2.0
HTIGI,Head,YOUTEK IG Instinct
HTIGIS,Head,YOUTEK IG Instinct S
HYIPMP,Head,YOUTEK IG Prestige MP
HYIGPM,Head,YOUTEK IG Prestige Mid
HYIGPP,Head,YOUTEK IG Prestige Pro
HYIPS,Head,YOUTEK IG Prestige S
HYIRMP,Head,YOUTEK IG Radical MP
HYIGRO,Head,YOUTEK IG Radical OS
HYIGRP,Head,YOUTEK IG Radical Pro
HYIGRS,Head,YOUTEK IG Radical S
HS16,Head,YOUTEK IG Speed 16x19
HS18,Head,YOUTEK IG Speed 18x20
HS300,Head,YOUTEK IG Speed 300
HSE,Head,YOUTEK IG Speed Elite
HSL,Head,YOUTEK IG Speed Lite
YTINST,Head,YOUTEK Instinct MP
YTMOJ,Head,YOUTEK Mojo
HYTPMP,Head,YOUTEK Prestige MP
HYTPM,Head,YOUTEK Prestige Mid
HYTPP,Head,YOUTEK Prestige Pro
HYTRL,Head,YOUTEK Radical Lite
HYTRMP,Head,YOUTEK Radical MP
HYTROS,Head,YOUTEK Radical OS
HYTRP,Head,YOUTEK Radical Pro
HYTS16,Head,YOUTEK Speed 16x19
HYTSE,Head,YOUTEK Speed Elite
HYTSL,Head,YOUTEK Speed Lite
HYTS18,Head,YOUTEK Speed MP 18x20
HYTSP,Head,YOUTEK Speed Pro
HYT5,Head,YOUTEK Star Five
HYT6,Head,YOUTEK Star Six
HYT3,Head,YOUTEK Star Three
BSTAR,Kneissl,Black Star
RSTAR,Kneissl,Red Star
TOM07,Kneissl,Tom
LL20R,Lacoste,L.20
LL20LR,Lacoste,L.20L
M285,Mantis,285
M300,Mantis,300
MT305,Mantis,Tour 305
MT315,Mantis,Tour 315
ACSPD2,Mizuno,Acrospeed 285 2026
ACSPD3,Mizuno,Acrospeed 300 2026
ACSTR2,Mizuno,Acrostrike 290 2026
ACSTR3,Mizuno,Acrostrike 305 2026
SD300,OneStrings,Spin Deeper 300g (14x19)
SD315,OneStrings,Spin Deeper 315g (14x19)
OS275,OneStrings,Turbine 275g
OS300,OneStrings,Turbine 300g
PFIN,Pacific,Finesse
PNEX,Pacific,Nexus
PRAP,Pacific,Raptor
PSPD,Pacific,Speed
PXFSTP,Pacific,X Fast Pro 100
PXFLP,Pacific,X Feel Pro 90 Vacuum
PXFP95,Pacific,X Feel Pro 95
PXFLT,Pacific,X Feel Tour
PXF,Pacific,X Force
PXFC,Pacific,X Force Comp
PXFL,Pacific,X Force Lite
PXFP,Pacific,X Force Pro
XFP1,Pacific,X Force Pro No. 1
XTP98,Pacific,X Tour Pro 97
PAGCEN,PowerAngle,Centric
PAG115,PowerAngle,GRAND
PAPRO,PowerAngle,PRO
ATR290,Prince,ATS Textreme Tour 100 290
ATR310,Prince,ATS Textreme Tour 100 310
ATR10P,Prince,ATS Textreme Tour 100P
ATR95,Prince,ATS Textreme Tour 95
ATR98,Prince,ATS Textreme Tour 98
PRCTSY,Prince,CTS Synergy DB26
PG100,Prince,Classic Graphite 100 Longbody
PEXOBK,Prince,EXO3 Black
PXOBKT,Prince,EXO3 Black Team
PEXOB,Prince,EXO3 Blue
PEXB10,Prince,EXO3 Blue 110
PXOG1H,Prince,EXO3 Graphite 100 MP w/inserts
PXOG93,Prince,EXO3 Graphite 93 Mid w/inserts
XO3HMP,Prince,EXO3 Hornet Midplus 100
PEXOHH,Prince,EXO3 Hybrid 100
PEXOH4,Prince,EXO3 Hybrid 104
PEXOH,Prince,EXO3 Hybrid 110
PEXOG,Prince,EXO3 Hybrid Gold 107
PXORED,Prince,EXO3 Hybrid Red 102
PXOI95,Prince,EXO3 Ignite 95
PXOIT,Prince,EXO3 Ignite Team 95
XO3R95,Prince,EXO3 Rebel 95
PXOR,Prince,EXO3 Rebel 95 w/o inserts
XO3R98,Prince,EXO3 Rebel 98
PXORT,Prince,EXO3 Rebel Team 95 w/o inserts
XO3RT,Prince,EXO3 Rebel Team 98
PEXOR,Prince,EXO3 Red
PEXR05,Prince,EXO3 Red 105
PEXOS,Prince,EXO3 Silver
PEXS15,Prince,EXO3 Silver 115
PEX03T,Prince,EXO3 Tour 100 (16x18)
PEX320,Prince,EXO3 Tour 100 (18x20)
PEX3TL,Prince,EXO3 Tour Lite 100
XOW100,Prince,EXO3 Warrior 100
XOWDB,Prince,EXO3 Warrior DB Team 100
XO3WMP,Prince,EXO3 Warrior Team 100
PEXOW,Prince,EXO3 White
PCG100,Prince,Graphite 100
PCG107,Prince,Graphite 107
GRO,Prince,Graphite Classic (original) OS
PRHR30,Prince,Hydrogen Random 300g
L100,Prince,Lightning 100
L105,Prince,Lightning 105
L110,Prince,Lightning 110
PO3HC,Prince,O3 Hybrid Comp
PO3HH,Prince,O3 Hybrid Hornet
PO3HL,Prince,O3 Hybrid Lite
O3SPEC,Prince,O3 Hybrid Spectrum MP
PLEG5,Prince,O3 Legacy 105 2024
PLEG2,Prince,O3 Legacy 120 2024
PO310X,Prince,O3 Phantom 100X 2025
SP03LK,Prince,O3 Speedport Black Long Body
SP03TB,Prince,O3 Speedport Black Team
SP03BK,Prince,O3 Speedport Black w/Holes
PSP03B,Prince,O3 Speedport Blue OS
SP03PG,Prince,O3 Speedport Gold
POZ4,Prince,O3 Speedport Ozone Four
POZ1,Prince,O3 Speedport Ozone One
SP03PP,Prince,O3 Speedport Platinum
SP03PW,Prince,O3 Speedport Pro White MP
PSP03R,Prince,O3 Speedport Red
PSP03S,Prince,O3 Speedport Silver
SP03TR,Prince,O3 Speedport Tour
SPTOURD,Prince,O3 Speedport Tour Demo
PO3T,Prince,O3 Tour MP
PO3TM,Prince,O3 Tour Mid
PO3TOS,Prince,O3 Tour OS
PO3W,Prince,O3 White
PRGOS,Prince,Original Graphite 107
POZPT,Prince,Ozone Pro Tour
POZT,Prince,Ozone Tour MP
TP100,Prince,Phantom 100
PTXP1G,Prince,Phantom 100G
PTXPLB,Prince,Phantom 100G LB
PPP10,Prince,Phantom 100P
PHNP1,Prince,Phantom 100P 2024
PPX182,Prince,Phantom 100X 18x20
PHNX2,Prince,Phantom 100X 18x20 2024
PPX290,Prince,Phantom 100X 290g
PHNX9,Prince,Phantom 100X 290g 2024
PPX35,Prince,Phantom 100X 305g
PHNX5,Prince,Phantom 100X 305g 2024
PTXP7G,Prince,Phantom 107G
PHN7G,Prince,Phantom 107G 2024
P1493P,Prince,Phantom 93P (14x18)
PP93P,Prince,Phantom 93P (18x20)
PP97P,Prince,Phantom 97P
PP100X,Prince,Phantom O3 100X
TPP100,Prince,Phantom Pro 100
PPRO18,Prince,Phantom Pro 100 (18x20)
TPPP10,Prince,Phantom Pro 100P
P93P,Prince,Phantom Pro 93P
P93P14,Prince,Phantom Pro 93P (14x18)
PP105,Prince,Premier 105 ESP
PP105L,Prince,Premier 105L ESP
PP115,Prince,Premier 115L ESP
PR97,Prince,Response 97
PRIPSL,Prince,RipStick 280
RPCDL,Prince,Ripcord 100 265g 2025
RPCDM,Prince,Ripcord 100 280g 2025
RPCDH,Prince,Ripcord 100 300g 2025
25RIPL,Prince,Ripstick 100 280g 2025
25RIPH,Prince,Ripstick 100 300g 2025
2RIP98,Prince,Ripstick 98 2025
PSYNG,Prince,Synergy 98
BST100,Prince,Textreme Beast 100
TX2B98,Prince,Textreme Beast 98
BS031H,Prince,Textreme Beast O3 100
BST104,Prince,Textreme Beast O3 104
BSO398,Prince,Textreme Beast O3 98
BS0398,Prince,Textreme Beast O3 98
BSTP10,Prince,Textreme Beast Pro 100 LB
PTT100,Prince,Textreme Tour 100 (290) (2019)
PT100R,Prince,Textreme Tour 100 (310) (2019)
T1HL,Prince,Textreme Tour 100 L
T1HP,Prince,Textreme Tour 100 P
PTT1L,Prince,Textreme Tour 100L (260) (2019)
PTT1P,Prince,Textreme Tour 100P (2019)
T1HT,Prince,Textreme Tour 100T
T95,Prince,Textreme Tour 95
PT2T95,Prince,Textreme Tour 95 (2019)
W100,Prince,Textreme Warrior 100
WARESP,Prince,Textreme Warrior 100 ESP
W100L,Prince,Textreme Warrior 100L
W100T,Prince,Textreme Warrior 100T
PW107,Prince,Textreme Warrior 107
PW107T,Prince,Textreme Warrior 107T
PW107L,Prince,Textreme Warror 107 L
PT1H16,Prince,Tour 100 (16x18)
PT1H18,Prince,Tour 100 (18x20)
PTR631,Prince,Tour 100 310g 2026
PTR61P,Prince,Tour 100P 2026
PT1HT,Prince,Tour 100T
PT100T,Prince,Tour 100T ESP
PT95,Prince,Tour 95
PTR98,Prince,Tour 98
PTR698,Prince,Tour 98 2026
PT98,Prince,Tour 98 ESP
PTD,Prince,Tour Diablo
PTDMP,Prince,Tour Diablo MP
DIABMP,Prince,Tour Diablo MP
NXG,Prince,Tour NXG Graphite MP
NXGMD,Prince,Tour NXG Graphite Mid
PNXGOS,Prince,Tour NXG Graphite OS
PTP100,Prince,Tour Pro 100
PTP1H,Prince,Tour Pro 100 ESP
PTP98,Prince,Tour Pro 98
TTWO,Prince,Triple Threat Warrior OS
PTWIST,Prince,Twistpower X100
PTWTR,Prince,Twistpower X100 Tour
PTW105,Prince,Twistpower X105 (290g)
TWIS97,Prince,Twistpower X97 Tour
PVRTX,Prince,Vortex 300g
PVRTXH,Prince,Vortex 310g
PW1H,Prince,Warrior 100
PW100,Prince,Warrior 100 ESP
PW1HP,Prince,Warrior 100 Pro
PW100L,Prince,Warrior 100L ESP
PW1T,Prince,Warrior Pro 100T ESP
PBA300,ProKennex,Black Ace (300)
PKBAC,ProKennex,Black Ace (300) 2024
PBA315,ProKennex,Black Ace (315)
PBA105,ProKennex,Black Ace 105
PKBA5,ProKennex,Black Ace 105 2024
PKBAPR,ProKennex,Black Ace Pro 2024
KI10,ProKennex,Ionic Ki 10 MP
KI10PSE,ProKennex,Ionic Ki 10 PSE MP
KI15N,ProKennex,Ionic Ki 15
KI1512,ProKennex,Ionic Ki 15 260
KI15PN,ProKennex,Ionic Ki 15 PSE (New)
KI20N,ProKennex,Ionic Ki 20 (New)
K20PSN,ProKennex,Ionic Ki 20 PSE (New)
KI30,ProKennex,Ionic Ki 30
KI30N,ProKennex,Ionic Ki 30 (New)
KI5,ProKennex,Ionic Ki 5
KI5N12,ProKennex,Ionic Ki 5 315
KI5PSN,ProKennex,Ionic Ki 5 PSE (New)
KI5XN,ProKennex,Ionic Ki 5x (New)
PKKI10,ProKennex,Ki 10
305KIX,ProKennex,Ki 10 (305) - 2018
260KIB,ProKennex,Ki 15 (260) - 2018
300KIB,ProKennex,Ki 15 (300) - 2018
KI15P,ProKennex,Ki 15 PSE
3005KI,ProKennex,Ki 5 (300) - 2018
320KI5,ProKennex,Ki 5 (320) - 2018
PKI5,ProKennex,Ki 5 280
PKKI5,ProKennex,Ki 5 320
KIBAP3,ProKennex,Ki Black Ace Pro
Q20KI8,ProKennex,Ki Q+ 20 (2021)
Q5KIP1,ProKennex,Ki Q+ 5 Pro (2021)
PKKQ5P,ProKennex,Ki Q+ 5 Pro (310)
PK15TP,ProKennex,Ki Q+ Tour (315) (2019)
PKQTP,ProKennex,Ki Q+ Tour Pro (325)
P5G2,ProKennex,Kinetic Pro 5G
P7G,ProKennex,Kinetic Pro 7g
KQ15,ProKennex,Q15
KQ30,ProKennex,Q30
KIQ5X,ProKennex,Q5X Kinetic 100
PKSQ,ProKennex,SQ Ltd Edition
SPBSMU,Slazenger,Pro Braided
SV100T,Slazenger,V100 Team
SV100,Slazenger,V100 Tour
SV98T,Slazenger,V98 Team
SV98,Slazenger,V98 Tour
BLKO30,Solinco,Blackout 300
BLKOXT,Solinco,Blackout 300 XTD
BKOCAX,Solinco,Blackout 300 XTD v2
BKOCAH,Solinco,Blackout 300 v2
SPRO10,Solinco,Pro 10
SP300,Solinco,Protocol 300
SP325,Solinco,Protocol 325
WHTO30,Solinco,Whiteout 305
WHO18X,Solinco,Whiteout 305 18x20
WHO30X,Solinco,Whiteout 305 XTD
WO18XT,Solinco,Whiteout 305 XTD 18x20
WTOCAX,Solinco,Whiteout 305 XTD v2 Camo
WTOCAH,Solinco,Whiteout 305 v2 Camo
T280R,Tecnifibre,ATP TFight 280 XTC
T295R,Tecnifibre,ATP TFight 295 XTC
T300R,Tecnifibre,ATP TFight 300 XTC
T305R,Tecnifibre,ATP TFight 305 XTC
T315R,Tecnifibre,ATP TFight 315 XTC
T320R,Tecnifibre,ATP TFight 320 XTC
TPS270,Tecnifibre,T-Flash PS 270
TPS285,Tecnifibre,T-Flash PS 285
TFPS3H,Tecnifibre,T-Flash PS 300
TF4TW,Tecnifibre,TF40 18x20
TF4005,Tecnifibre,TF40 305
TF40N,Tecnifibre,TF40 305 16x19
TF4015,Tecnifibre,TF40 315
TF4TH,Tecnifibre,TF40 315 16x19
TFX130,Tecnifibre,TFX1 300
T305XL,Tecnifibre,TFeel 305 MP XL
TRTIRS,Tecnifibre,TFght 300 RS
T255,Tecnifibre,TFight 255
TF285S,Tecnifibre,TFight 285
T295MP,Tecnifibre,TFight 295 MP
TRTFIG,Tecnifibre,TFight 295 RS
TF295,Tecnifibre,TFight 295 TP
295VO2,Tecnifibre,TFight 295 VO2 Max
TF30ST,Tecnifibre,TFight 300
TF300S,Tecnifibre,TFight 300S
T305DY,Tecnifibre,TFight 305 Dynacore
TRTFIR,Tecnifibre,TFight 305 RS
305VO2,Tecnifibre,TFight 305 VO2 Max
TF305S,Tecnifibre,TFight 305S
315L16,Tecnifibre,TFight 315 Ltd. 16 Main
315L18,Tecnifibre,TFight 315 Ltd. 18 Main
TRTFRS,Tecnifibre,TFight 315 RS
TF315S,Tecnifibre,TFight 315S
T32016,Tecnifibre,TFight 320 (16x20)
T32018,Tecnifibre,TFight 320 (18x20)
320VO2,Tecnifibre,TFight 320 VO2 Max
325VO2,Tecnifibre,TFight 325 VO2 Max
325XVO,Tecnifibre,TFight 325 XL VO2 Max
T33516,Tecnifibre,TFight 335 MP (16x20)
T33518,Tecnifibre,TFight 335 MP (18x20)
FDC300,Tecnifibre,TFight DC 300
FDC305,Tecnifibre,TFight DC 305
FDC315,Tecnifibre,TFight DC 315
L31516,Tecnifibre,TFight DC 315 Ltd. (16x19)
L31518,Tecnifibre,TFight DC 315 Ltd. (18x20)
FDC320,Tecnifibre,TFight DC 320
ISO295,Tecnifibre,TFight ISO 295
ISO300,Tecnifibre,TFight ISO 300
ISO305,Tecnifibre,TFight ISO 305
ISO315,Tecnifibre,TFight ISO 315
TF27C,Tecnifibre,TFlash 270 CES
T270,Tecnifibre,TFlash 270 OS
TF85C,Tecnifibre,TFlash 285 CES
T290,Tecnifibre,TFlash 290
290VO2,Tecnifibre,TFlash 290 VO2 Max
300ATP,Tecnifibre,TFlash 300 ATP
TF30C,Tecnifibre,TFlash 300 CES
300DATP,Tecnifibre,TFlash 300 Dynacore ATP
TT300SF,Tecnifibre,TFlash 300 SpeedFlex
T310,Tecnifibre,TFlash 310 (16x19)
TF31018,Tecnifibre,TFlash 310 (18x20)
315ATP,Tecnifibre,TFlash 315 ATP
315DATP,Tecnifibre,TFlash 315 Dynacore ATP
315SF,Tecnifibre,TFlash 315 SpeedFlex
315VO2,Tecnifibre,TFlash 315 VO2 Max
TFR265,Tecnifibre,TRebound 265 Pro
TFR295,Tecnifibre,TRebound 295 Pro
TREBIG,Tecnifibre,TRebound 298 IGA
VBB1,Volkl,BB1 OS
BB10,Volkl,Becker BB 10
VBB5,Volkl,Becker BB5
C10EVO,Volkl,C10 EVO
C10PRO,Volkl,C10 Pro
C10P12,Volkl,C10 Pro 2012
CAT8V,Volkl,Catapult 8 V-Engine
C10P10,Volkl,Classic C10 Pro
VDNX1,Volkl,DNX 1 Power Arm
DNX10M,Volkl,DNX 10 Mid
VDNX2,Volkl,DNX 2 Ativa OS
VDNX3,Volkl,DNX 3
VDNX4,Volkl,DNX 4
VDNX6,Volkl,DNX 6 Ativa
VDNX7,Volkl,DNX 7
VDNX8,Volkl,DNX 8
VDNX9,Volkl,DNX 9
VORG1,Volkl,Organix 1
VORG10,Volkl,Organix 10 (295g)
ORG10H,Volkl,Organix 10 (325)
VO10M,Volkl,Organix 10 Mid
VORG4,Volkl,Organix 4
VO4SG,Volkl,Organix 4 Super G
VORG5,Volkl,Organix 5
VORG72,Volkl,Organix 7 (295)
VORG73,Volkl,Organix 7 (310)
VORG82,Volkl,Organix 8 315g
VORG9,Volkl,Organix 9
VOV1M,Volkl,Organix V1 MP
VOV1OS,Volkl,Organix V1 OS
OV1PRO,Volkl,Organix V1 Pro Midplus
VPB1,Volkl,Power Bridge 1
VPB10,Volkl,Power Bridge 10
VPB10M,Volkl,Power Bridge 10 Mid
VPB2,Volkl,Power Bridge 2
VPB3,Volkl,Power Bridge 3
VPB4,Volkl,Power Bridge 4
VPB5,Volkl,Power Bridge 5
VPB6,Volkl,Power Bridge 6 Attiva MP
VPB7,Volkl,Power Bridge 7
VPB8,Volkl,Power Bridge 8
VPB8H,Volkl,Power Bridge 8 315
VPB9,Volkl,Power Bridge 9
VPBV1,Volkl,Power Bridge V1 Midplus
PBV1OS,Volkl,Power Bridge V1 Oversize
VQS,Volkl,Quantum Scorcher
VSG1,Volkl,Super G 1
VSG102,Volkl,Super G 10 295
VSG103,Volkl,Super G 10 325
S10320,Volkl,Super G 10 Mid (320g)
S10330,Volkl,Super G 10 Mid (330g)
VSG3,Volkl,Super G 3
VSG5,Volkl,Super G 5
VO6SG,Volkl,Super G 6
VSG7,Volkl,Super G 7
VO8SG,Volkl,Super G 8 (300g)
VO8SG2,Volkl,Super G 8 (315g)
VO9SG,Volkl,Super G 9
VSGV1M,Volkl,Super G V1 Midplus
VSGV1O,Volkl,Super G V1 Oversize
SGV1P,Volkl,Super G V1 Pro
VTTR,Volkl,Team Tour
T10V,Volkl,Tour 10 V-Engine Mid
T9V,Volkl,Tour 9 V-Engine (18x20)
VTS,Volkl,Tour Scorcher
VCE100,Volkl,V-Cell 10 300g
VCE102,Volkl,V-Cell 10 320g
VVC4R,Volkl,V-Cell 4
VVCEL6,Volkl,V-Cell 6
VVC8UL,Volkl,V-Cell 8 (285g)
VVC8L,Volkl,V-Cell 8 (300g)
VVCL8,Volkl,V-Cell 8 (315g)
VVCEL9,Volkl,V-Cell 9
VCEV1P,Volkl,V-Cell V1 Pro
VF1,Volkl,V-Feel 1
VF10L,Volkl,V-Feel 10 (300g)
VF10H,Volkl,V-Feel 10 (320g)
VF4,Volkl,V-Feel 4
VF5,Volkl,V-Feel 5
VF6,Volkl,V-Feel 6
VF8285,Volkl,V-Feel 8 285g
VF8300,Volkl,V-Feel 8 300g
VF8315,Volkl,V-Feel 8 315g
VF9,Volkl,V-Feel 9
VF1MP,Volkl,V-Feel V1 MP
VF1OS,Volkl,V-Feel V1 OS
VF1PRO,Volkl,V-Feel V1 Pro
VKLV8,Volkl,V-Feel V8 Pro
VS1,Volkl,V-Sense 1
VS10L,Volkl,V-Sense 10 295g
VS10,Volkl,V-Sense 10 325g
VSM,Volkl,V-Sense 10 Mid
VST,Volkl,V-Sense 10 Tour
VS2,Volkl,V-Sense 2
VS4,Volkl,V-Sense 4
VS5,Volkl,V-Sense 5
VS6,Volkl,V-Sense 6
VS8285,Volkl,V-Sense 8 285g
VS8300,Volkl,V-Sense 8 300g
VS8315,Volkl,V-Sense 8 315g
VS9,Volkl,V-Sense 9
VSV1MP,Volkl,V-Sense V1 MP
VSV1OS,Volkl,V-Sense V1 OS
VSV1P,Volkl,V-Sense V1 Pro
CV1SVR,Volkl,V1 Classic
VOSV4,Volkl,Vostra V4
VOSV6,Volkl,Vostra V6
VOSV8L,Volkl,Vostra V8 285g
VOSV8M,Volkl,Vostra V8 300g
VOSV8H,Volkl,Vostra V8 315g
BLXB98,Wilson,BLX Blade 98
WBLXBL,Wilson,BLX Blade Lite
WBXBTE,Wilson,BLX Blade Team
WBLXBT,Wilson,BLX Blade Tour
WBLXB,Wilson,BLX Bold
WCTBLX,Wilson,BLX Cierzo Two
COBLX,Wilson,BLX Cirrus One
WBLXC,Wilson,BLX Coral Reef
WJ100,Wilson,BLX Juice 100
WJ108,Wilson,BLX Juice 108
WJP,Wilson,BLX Juice Pro
WOB,Wilson,BLX One
WPLTDB,Wilson,BLX Pro Limited 110
WPLB,Wilson,BLX Pro Lite
POBLX,Wilson,BLX Pro Open
WPOB,Wilson,BLX Pro Open (2012)
WPS100,Wilson,BLX Pro Staff Six.One 100
WPS90,Wilson,BLX Pro Staff Six.One 90
WPS95,Wilson,BLX Pro Staff Six.One 95
PTFBLX,Wilson,BLX Pro Team FX
PTBLX,Wilson,BLX Pro Tour
6195BX,Wilson,BLX Six-One 95 16x18
61LBLX,Wilson,BLX Six-One Lite
61TBLX,Wilson,BLX Six-One Tour
WSO95O,Wilson,BLX Six.One 95 16x18
61BX18,Wilson,BLX Six.One 95 18x20
WSO95C,Wilson,BLX Six.One 95 18x20 (2012)
61TMBX,Wilson,BLX Six.One Team
WSOT,Wilson,BLX Six.One Team (2012)
WS100,Wilson,BLX Steam 100
WSTBLX,Wilson,BLX Stratus Three
WSBLX,Wilson,BLX Surge
WT4BLX,Wilson,BLX Tempest Four
WBLXTF,Wilson,BLX Tidal Force
WTWBLX,Wilson,BLX Tidal Wave
WPTBLX,Wilson,BLX Tour
WTB,Wilson,BLX Tour 2012
WBLXTL,Wilson,BLX Tour Limited
BLXTLT,Wilson,BLX Tour Lite
WB100,Wilson,Blade 100 V7
WB1009,Wilson,Blade 100 V9
WB1001,Wilson,Blade 100 v10
WB1008,Wilson,Blade 100 v8
WB100R,Wilson,Blade 100L
WB100L,Wilson,Blade 100L V9
WB10L1,Wilson,Blade 100L v10
WB1UL1,Wilson,Blade 100UL v10
BL104,Wilson,Blade 104
B104,Wilson,Blade 104 (2015)
BLD104,Wilson,Blade 104 / 2013
104BV8,Wilson,Blade 104 V8
WB104,Wilson,Blade 104 V9
WB104V,Wilson,Blade 104 v10
WB104R,Wilson,Blade 104 v7
20BV8S,Wilson,Blade 18x20 v8
BLD93,Wilson,Blade 93 / 2013
WB98R,Wilson,Blade 98 (16x19)
B98G16,Wilson,Blade 98 (16x19) (2015)
BLD9816,Wilson,Blade 98 (16x19) / 2013
B9816C,Wilson,Blade 98 (16x19) CV
B98GR,Wilson,Blade 98 (18x20 ) (2015)
WB9882,Wilson,Blade 98 (18x20)
B9818,Wilson,Blade 98 (18x20) / 2013
B9818C,Wilson,Blade 98 (18x20) CV
WB9816,Wilson,Blade 98 16x19 V9
WB9810,Wilson,Blade 98 16x19 v10
BL98V,Wilson,Blade 98 16x19 v6
WB98REV,Wilson,Blade 98 16x19 v7 Reverse
16BV8R,Wilson,Blade 98 16x19 v8
WB18V,Wilson,Blade 98 18x20 V9
WB9818,Wilson,Blade 98 18x20 v10
BLD98S,Wilson,Blade 98S
B98S,Wilson,Blade 98S (18x16) CV
B98GS,Wilson,Blade 98S (2015)
WBPRO6,Wilson,Blade Pro 98 16x19 V9
WB98P1,Wilson,Blade Pro 98 16x19 v10
WBPROV,Wilson,Blade Pro 98 18x20 V9
WB98P8,Wilson,Blade Pro 98 18x20 v10
B104CV,Wilson,Blade SW 104
B1H,Wilson,Burn 100
B100CV,Wilson,Burn 100 Countervail
B1HLS,Wilson,Burn 100 LS
B100LS,Wilson,Burn 100 LS (2017)
B100LSC,Wilson,Burn 100 LS CAMO
B1HS,Wilson,Burn 100 S
B1HSCV,Wilson,Burn 100 S Countervail
B1HT,Wilson,Burn 100 Team
BTEAM,Wilson,Burn 100 Team (2017)
B1HULS,Wilson,Burn 100 ULS
BULS1H,Wilson,Burn 100 ULS (2017)
B95,Wilson,Burn 95
B95CV,Wilson,Burn 95 Countervail
BFST95,Wilson,Burn FST 95
BFST99,Wilson,Burn FST 99
BFST99S,Wilson,Burn FST 99S
WC100R,Wilson,Clash 100
WCC1PS,Wilson,Clash 100 Pro Silver
WC100P,Wilson,Clash 100 Pro v2
CL1P3V,Wilson,Clash 100 Pro v3
WCLAREV,Wilson,Clash 100 Reverse
WRC10SI,Wilson,Clash 100 Silver
WCTR,Wilson,Clash 100 Tour
WC100V,Wilson,Clash 100 v2
CL103V,Wilson,Clash 100 v3
WC100L,Wilson,Clash 100L
WRC1LS,Wilson,Clash 100L Silver
CL1L3V,Wilson,Clash 100L v3
WC100S,Wilson,Clash 100S
WC108R,Wilson,Clash 108
CL183V,Wilson,Clash 108 v3
WC98R,Wilson,Clash 98
WC98P,Wilson,Clash 98 v2
NV110L,Wilson,Envy 100 L
NV110U,Wilson,Envy 110 UL
53OS,Wilson,Hyper Hammer 5.3 Stretch
63OS,Wilson,Hyper Hammer 6.3 OS
J10014,Wilson,Juice 100
J100L,Wilson,Juice 100L
WJ100S,Wilson,Juice 100S
J100UL,Wilson,Juice 100UL
J108,Wilson,Juice 108
KOBTM,Wilson,K Factor Kobra Team FX
KOBRAT,Wilson,K Factor Kobra Tour
KBLD98,Wilson,KBlade 98
KBLADT,Wilson,KBlade Team 104
KBL93,Wilson,KBlade Tour
KBRAVE,Wilson,KBrave
KFIVEO,Wilson,KFive OS
KFOURM,Wilson,KFour 105 MP
K4OS,Wilson,KFour 112 OS
K4FX,Wilson,KFour.FX
KFURY,Wilson,KFury
KONE,Wilson,KOne
KONEFX,Wilson,KOne.FX
KPO100,Wilson,KPro Open
KPS88,Wilson,KPro Staff 88
KPTFX,Wilson,KPro Team.FX
KPT95,Wilson,KPro Tour
K6116,Wilson,KSix-One 95 (16x18)
K6118,Wilson,KSix-One 95 (18x20)
K61T90,Wilson,KSix-One Tour 90
K61X,Wilson,KSix-One X
K62M,Wilson,KSix-Two MP
KSTING,Wilson,KSting 105
KSURGE,Wilson,KSurge
KTHREE,Wilson,KThree OS
K3FX,Wilson,KThree.FX
KTOURM,Wilson,KTour MP
KTTFX,Wilson,KTour Team.FX
KZEN,Wilson,KZen MP
KZENT,Wilson,KZen Team
KZTFXO,Wilson,KZen Team.FX Orange
WLPS30,Wilson,Labs Project Shift 99 300g
WLPS35,Wilson,Labs Project Shift 99 315g
NFURY,Wilson,N Fury OS
WPO,Wilson,Pro Open 100
PS100L,Wilson,Pro Staff 100L
PS1HLS,Wilson,Pro Staff 100LS
W6085,Wilson,Pro Staff 6.0 85
WPS610,Wilson,Pro Staff 6.1 100 V13
PS90,Wilson,Pro Staff 90
PS95,Wilson,Pro Staff 95
PS95S,Wilson,Pro Staff 95S (2014)
WPS95S,Wilson,Pro Staff 95S (2015)
PS97,Wilson,Pro Staff 97
WPS97,Wilson,Pro Staff 97 (2016)
P97CV,Wilson,Pro Staff 97 Countervail
PS97CV,Wilson,Pro Staff 97 Countervail Black
PS97LS,Wilson,Pro Staff 97 LS
P97LSB,Wilson,Pro Staff 97 LS Black (2016)
PS97RF,Wilson,Pro Staff 97 RF Autograph
W97V13,Wilson,Pro Staff 97 v13
W97V14,Wilson,Pro Staff 97 v14
PS97L,Wilson,Pro Staff 97L
P97L,Wilson,Pro Staff 97L Countervail Black
P97LCAM,Wilson,Pro Staff 97L Countervail CAMO
97LV13,Wilson,Pro Staff 97L v13
PS97S,Wilson,Pro Staff 97S
WPS97S,Wilson,Pro Staff 97S (2016)
PSRF97,Wilson,Pro Staff RF97 Autograph (2016)
PRF97A,Wilson,Pro Staff RF97 Autograph 2018
97V13R,Wilson,Pro Staff RF97 v13
WPS614,Wilson,Pro Staff Six.One 100 v14
W97VX,Wilson,Pro Staff X v14
WRF1R,Wilson,RF 01
WRFFR,Wilson,RF 01 Future
WRFPR,Wilson,RF 01 Pro
WSP300,Wilson,Shift 99
WSP315,Wilson,Shift 99 Pro
K61T,Wilson,Six-One Team
619516,Wilson,Six.One 95 (16x18)
619518,Wilson,Six.One 95 (18x20)
6195L,Wilson,Six.One 95L
61S,Wilson,Six.One 95S
ST105S,Wilson,Steam 105S
STM96,Wilson,Steam 96
STM99,Wilson,Steam 99
STM99L,Wilson,Steam 99LS
STM99S,Wilson,Steam 99S
U100,Wilson,Ultra 100
U100CV,Wilson,Ultra 100 Countervail
U100V2,Wilson,Ultra 100 v2
WU10V4,Wilson,Ultra 100 v4
U100L,Wilson,Ultra 100L
U100LCA,Wilson,Ultra 100L CAMO
U100LV,Wilson,Ultra 100L v2
U100L3,Wilson,Ultra 100L v3
U100UL,Wilson,Ultra 100UL
U103S,Wilson,Ultra 103S
U108,Wilson,Ultra 108
U95CV,Wilson,Ultra 95 Countervail
U97,Wilson,Ultra 97
WUPRO6,Wilson,Ultra Pro 16x19 v4
WUPRO8,Wilson,Ultra Pro 18x20 v4
WUT,Wilson,Ultra Tour
W5DI,Wilson,W5 Divine Iris
WB10UL,Wilson,lBlade 100UL V9
N2,Wilson,n2 OS
N5,Wilson,n5 Force MP
NBLD,Wilson,nBlade OS
NPO,Wilson,nPro Open MP
NPOX,Wilson,nPro Open X
N62,Wilson,nSix-Two MP
N62OS,Wilson,nSix-Two OS
WNT,Wilson,nTour
WNT2,Wilson,nTour Two MP
AST100,Yonex,Astrel 100
YA115,Yonex,Astrel 115
YEZ100,Yonex,E-Zone 100
YEZ107,Yonex,E-Zone 107
YEZL,Yonex,E-Zone Lite
YEZR,Yonex,E-Zone Rally
YEZT,Yonex,E-Zone Team 102
YEZTP,Yonex,E-Zone Team Plus 102
YEZX1,Yonex,E-Zone Xi
EZX107,Yonex,E-Zone Xi 107
EZX115,Yonex,E-Zone Xi 115
YEZX98,Yonex,E-Zone Xi 98
YEZX1L,Yonex,E-Zone Xi Lite
EZ10BB,Yonex,EZONE 100 (2025)
YE100,Yonex,EZONE 100 (300g)
EZO10,Yonex,EZONE 100 2022
YE100NO,Yonex,EZONE 100 Naomi Osaka LE
EZ1SLB,Yonex,EZONE 100 SL (2025)
EZ100P,Yonex,EZONE 100+
LEZ10B,Yonex,EZONE 100+ (2025)
1HEZPB,Yonex,EZONE 100+ (300g) Blue
EZ10PL,Yonex,EZONE 100+ 2022
YE10LI,Yonex,EZONE 100L
EZ1LBB,Yonex,EZONE 100L (2025)
YELNO,Yonex,EZONE 100L Naomi Osaka LE
YE105,Yonex,EZONE 105
EZ105B,Yonex,EZONE 105 (2025)
YE108R,Yonex,EZONE 108
EZ98BB,Yonex,EZONE 98 (2025)
305YEZ,Yonex,EZONE 98 (305g)
EZO98,Yonex,EZONE 98 2022
YE98NO,Yonex,EZONE 98 Naomi Osaka LE
YEZ98T,Yonex,EZONE 98 Tour
TEZ98B,Yonex,EZONE 98 Tour (2025)
EZ98TR,Yonex,EZONE 98 Tour 2022
YE98P2,Yonex,EZONE 98+
LEZ98B,Yonex,EZONE 98+ (2025)
98EZPB,Yonex,EZONE 98+ (305g) Blue
EZ98PL,Yonex,EZONE 98+ 2022
YE98L2,Yonex,EZONE 98L
ACE27,Yonex,EZONE Ace
YAI100,Yonex,EZONE Ai 100
YAI98,Yonex,EZONE Ai 98
YAI98L,Yonex,EZONE Ai 98 Lite
YAIFX,Yonex,EZONE Ai Feel
YAILT,Yonex,EZONE Ai Lite (Lime)
YDR100,Yonex,EZone DR 100
YDR98,Yonex,EZone DR 98
YEZ1HL,Yonex,Ezone 100 (285g)
YEZ1H,Yonex,Ezone 100 (300g)
YEZ98L,Yonex,Ezone 98 (285g)
YEZ98,Yonex,Ezone 98 (305g)
DR1HPB,Yonex,Ezone DR 100+ Blue
DR98PB,Yonex,Ezone DR 98+ Blue
YEZLLG,Yonex,Ezone Lite
YMUS10,Yonex,Muse 100
YMUS8,Yonex,Muse 98
PERC,Yonex,Percept 100
PERC1D,Yonex,Percept 100D
PERC97,Yonex,Percept 97
PERC9D,Yonex,Percept 97D
PERC9H,Yonex,Percept 97H
RDS1MP,Yonex,RDS 001 MP
RDS001,Yonex,RDS 001 Mid
RDS002,Yonex,RDS 002
Y002T,Yonex,RDS 002 Tour
RDS003,Yonex,RDS 003
IS1HM,Yonex,RDiS 100 MP
IS100,Yonex,RDiS 100 Mid
IS200,Yonex,RDiS 200
IS3HM,Yonex,RDiS 300 MP
SRQ7,Yonex,RQ 7 OS
RQIS2T,Yonex,RQ IS 2 Tour
RQSP30,Yonex,RQ Speed 30 MP
RQIS1T,Yonex,RQ iS 1 Tour
Y1TXLO,Yonex,RQ iS 1 Tour XL 100
Y1TXL,Yonex,RQ iS 1 Tour XL 95
Y1TXLG,Yonex,RQ iS 1 Tour XL 95 Lite
RQS11,Yonex,RQS 11 MP
RQS22,Yonex,RQS 22
RQS33,Yonex,RQS 33
RQS55,Yonex,RQS 55
YRE100,Yonex,Regna 100
YRE98,Yonex,Regna 98
SFIT1,Yonex,S-Fit 1
SFIT1L,Yonex,S-Fit 1 Lite
SFIT3,Yonex,S-Fit 3
SFIT5,Yonex,S-Fit 5
VCSV1H,Yonex,V CORE SV 100
VCSV1L,Yonex,V CORE SV 100 Lite
VCSV95,Yonex,V CORE SV 95
VCSV98,Yonex,V CORE SV 98
VCSVL,Yonex,V CORE SV 98 Lite
VC100S,Yonex,V Core 100 S
TVC95D,Yonex,V Core 95 D
TVC98D,Yonex,V Core 98 D
TVC98T,Yonex,V Core 98 Team
YVC100,Yonex,VCORE 100
VC1H,Yonex,VCORE 100 (300)
VC10GB,Yonex,VCORE 100 (300) Galaxy Black
VCR100,Yonex,VCORE 100 2023
VC108G,Yonex,VCORE 100 8th Gen
VC1HP,Yonex,VCORE 100+
YVC10P,Yonex,VCORE 100+ (2021)
YV100P,Yonex,VCORE 100+ 2023
VC1P8G,Yonex,VCORE 100+ 8th Gen
VC1D8G,Yonex,VCORE 100D 8th Gen
VC100L,Yonex,VCORE 100L
VC1L8G,Yonex,VCORE 100L 8th Gen
YVCR95,Yonex,VCORE 95
VC95,Yonex,VCORE 95 (2018)
YVC95,Yonex,VCORE 95 2023
VC958G,Yonex,VCORE 95 8th Gen
YVCR98,Yonex,VCORE 98
VCP98G,Yonex,VCORE 98 (305)
VC98GB,Yonex,VCORE 98 (305) Galaxy Black
YVC98,Yonex,VCORE 98 2023
VC988G,Yonex,VCORE 98 8th Gen
V98LR,Yonex,VCORE 98 Limited
YVC98T,Yonex,VCORE 98 Tour 2023
VC9T8G,Yonex,VCORE 98 Tour 8th Gen
VC98P,Yonex,VCORE 98+
YVC98P,Yonex,VCORE 98+ (2021)
YV98P,Yonex,VCORE 98+ 2023
VCR98L,Yonex,VCORE 98L
3001VC,Yonex,VCORE Pro 100
VPRO1H,Yonex,VCORE Pro 100 (300)
VC1300,Yonex,VCORE Pro 100 (300)
310VD7,Yonex,VCORE Pro 97
VC9310,Yonex,VCORE Pro 97 (310)
VCP97,Yonex,VCORE Pro 97 (310) (2018)
VPRO97,Yonex,VCORE Pro 97 (330)
VC9330,Yonex,VCORE Pro 97 (330)
320HD7,Yonex,VCORE Pro 97D
330VD7,Yonex,VCORE Pro 97H
VC9320,Yonex,VCORE Pro 97HD ((18x20))
YVCT89,Yonex,VCORE Tour 89
YVCT97,Yonex,VCORE Tour 97
YVT97,Yonex,VCORE Tour 97 (310g)
YVCTGL,Yonex,VCORE Tour G (310)
YVCTGH,Yonex,VCORE Tour G 330 (Wawrinka)
YVX100,Yonex,VCORE Xi 100
YVXI98,Yonex,VCORE Xi 98
CSV1HP,Yonex,VCore SV 100+
CSV98P,Yonex,VCore SV 98+
DG100,Yonex,Vcore Duel G 100
DG97G,Yonex,Vcore Duel G 97 (310g)
DG97,Yonex,Vcore Duel G 97 (330g)
VSI100,Yonex,Vcore Si 100
VSI98,Yonex,Vcore Si 98
VCTF93,Yonex,Vcore Tour F 93
VCTF97,Yonex,Vcore Tour F 97 (290)
VCT97H,Yonex,Vcore Tour F 97 (310)
VC9P8G,Yonex,VCORE 98+ 8th Gen
