string,family,material,gauge_mm,data_coverage,tension_lbs,swing,condition,gauge_actual_raw,stretch_40_pct,stretch_51_pct,stretch_62_pct,pre_impact_tension_lbs,dwell_time_ms,deflection_mm,tension_change_lbs,peak_tension_lbs,peak_perp_force_lbs,avg_perp_force_lbs,stiffness_lb_in,static_loss_lbs,stabilization_loss_lbs,impact_loss_lbs,total_loss_lbs,tension_loss_pct,energy_return_pct,string_string_cof,string_ball_cof,spin_potential
Babolat RPM Blast Orange 16 (1.30),babolat rpm blast orange,Polyester,1.3,referensi_51F,51,Fast,51F,1.29,,,8.5,31.29,34.8,32.0,53.1,84.5,33.8,15.5,210.3,5.51,13.92,0.29,19.6,38.9,84.3,0.071,0.496,7.0
Dunlop Black Widow 16,dunlop black widow,Polyester,1.31,lengkap,40,Fast,40F,,2.1,3.6,4.5,22.27,37.4,33.9,48.1,70.3,29.8,14.1,169.7,4.74,12.68,0.51,17.9,45.2,84.3,0.107,0.557,5.2
Dunlop Black Widow 16,dunlop black widow,Polyester,1.31,lengkap,40,Medium,40M,,2.1,3.6,4.5,22.29,39.6,28.1,38.8,61.1,21.5,10.7,199.5,4.74,12.66,0.26,17.6,44.5,88.9,0.107,0.557,5.2
Dunlop Black Widow 16,dunlop black widow,Polyester,1.31,lengkap,40,Slow,40S,,2.1,3.6,4.5,21.83,44.2,21.3,24.7,46.5,12.4,6.6,221.2,4.74,13.12,-0.15,17.6,44.6,93.5,0.107,0.557,5.2
Dunlop Black Widow 16,dunlop black widow,Polyester,1.31,lengkap,51,Fast,51F,,2.1,3.6,4.5,31.82,35.0,31.0,45.9,77.6,30.1,15.0,193.2,5.56,13.34,0.46,19.4,38.2,87.2,0.107,0.557,5.2
Dunlop Black Widow 16,dunlop black widow,Polyester,1.31,lengkap,51,Medium,51M,,2.1,3.6,4.5,31.82,36.7,26.1,36.8,68.6,22.3,11.9,220.0,5.56,13.34,0.2,19.2,37.7,91.2,0.107,0.557,5.2
Dunlop Black Widow 16,dunlop black widow,Polyester,1.31,lengkap,51,Slow,51S,,2.1,3.6,4.5,31.22,40.5,19.5,22.7,54.0,13.2,7.3,242.9,5.56,13.94,-0.33,19.2,37.8,95.3,0.107,0.557,5.2
Dunlop Black Widow 16,dunlop black widow,Polyester,1.31,lengkap,62,Fast,62F,,2.1,3.6,4.5,38.5,33.3,30.0,46.1,84.7,31.7,16.9,208.6,6.11,17.13,0.55,23.8,38.5,89.7,0.107,0.557,5.2
Dunlop Black Widow 16,dunlop black widow,Polyester,1.31,lengkap,62,Medium,62M,,2.1,3.6,4.5,38.5,35.0,25.0,35.9,74.5,23.3,12.5,234.3,6.11,17.13,0.16,23.4,37.9,92.9,0.107,0.557,5.2
Dunlop Black Widow 16,dunlop black widow,Polyester,1.31,lengkap,62,Slow,62S,,2.1,3.6,4.5,37.97,38.3,18.0,21.4,59.3,13.3,7.7,267.5,6.11,17.66,-0.29,23.4,38.0,99.2,0.107,0.557,5.2
Dunlop Black Widow 17,dunlop black widow,Polyester,1.26,lengkap,40,Fast,40F,,1.2,1.5,3.0,24.17,36.1,32.7,52.7,76.7,31.5,15.4,199.5,4.81,10.71,0.36,15.9,40.0,85.7,0.107,0.573,5.4
Dunlop Black Widow 17,dunlop black widow,Polyester,1.26,lengkap,40,Medium,40M,,1.2,1.5,3.0,24.37,38.2,28.0,42.1,66.4,23.2,11.2,217.7,4.81,10.51,0.34,15.7,39.4,87.2,0.107,0.573,5.4
Dunlop Black Widow 17,dunlop black widow,Polyester,1.26,lengkap,40,Slow,40S,,1.2,1.5,3.0,23.81,42.9,20.9,26.9,50.7,13.3,6.8,250.3,4.81,11.07,-0.25,15.7,39.4,94.5,0.107,0.573,5.4
Dunlop Black Widow 17,dunlop black widow,Polyester,1.26,lengkap,51,Fast,51F,,1.2,1.5,3.0,35.15,33.8,30.2,48.5,83.8,31.6,15.9,216.6,3.92,11.65,0.47,16.1,31.6,87.6,0.107,0.573,5.4
Dunlop Black Widow 17,dunlop black widow,Polyester,1.26,lengkap,51,Medium,51M,,1.2,1.5,3.0,35.19,35.6,26.0,38.1,73.4,23.8,12.3,230.3,3.92,11.61,0.15,15.7,30.9,89.7,0.107,0.573,5.4
Dunlop Black Widow 17,dunlop black widow,Polyester,1.26,lengkap,51,Slow,51S,,1.2,1.5,3.0,34.73,39.4,18.9,23.4,58.2,13.7,7.6,266.9,3.92,12.07,-0.26,15.7,31.0,96.4,0.107,0.573,5.4
Dunlop Black Widow 17,dunlop black widow,Polyester,1.26,lengkap,62,Fast,62F,,1.2,1.5,3.0,40.22,32.7,29.8,48.1,88.4,32.9,16.4,219.5,4.81,16.71,0.64,22.1,35.9,87.2,0.107,0.573,5.4
Dunlop Black Widow 17,dunlop black widow,Polyester,1.26,lengkap,62,Medium,62M,,1.2,1.5,3.0,40.26,34.3,24.7,38.1,78.3,24.2,12.6,253.2,4.81,16.67,0.17,21.6,35.1,92.9,0.107,0.573,5.4
Dunlop Black Widow 17,dunlop black widow,Polyester,1.26,lengkap,62,Slow,62S,,1.2,1.5,3.0,39.67,37.9,18.0,22.5,62.2,14.0,8.0,281.2,4.81,17.26,-0.42,21.6,35.1,97.8,0.107,0.573,5.4
Dunlop Black Widow 18 (1.21),dunlop black widow,Polyester,1.21,referensi_51F,51,Fast,51F,,2.1,2.4,3.0,35.24,34.6,32.0,49.2,84.5,33.8,16.3,194.9,2.98,12.5,0.18,15.7,30.9,89.7,0.099,0.571,5.8
Dunlop Explosive 16,dunlop explosive,Polyester,1.3,lengkap,40,Fast,40F,1.30,1.8,2.4,3.0,23.53,35.9,32.2,54.5,78.1,31.5,,213.2,5.27,10.89,0.4,16.5,41.7,83.5,0.1,0.478,4.8
Dunlop Explosive 16,dunlop explosive,Polyester,1.3,lengkap,40,Medium,40M,1.30,1.8,2.4,3.0,23.57,38.2,27.9,43.4,67.0,23.4,,226.3,5.27,10.85,0.35,16.5,41.5,89.1,0.1,0.478,4.8
Dunlop Explosive 16,dunlop explosive,Polyester,1.3,lengkap,40,Slow,40S,1.30,1.8,2.4,3.0,23.09,42.9,20.5,27.1,50.3,12.9,,260.6,5.27,11.33,-0.19,16.3,41.3,94.7,0.1,0.478,4.8
Dunlop Explosive 16,dunlop explosive,Polyester,1.3,lengkap,51,Fast,51F,1.30,1.8,2.4,3.0,33.01,33.8,30.3,52.7,85.6,32.4,,233.2,6.66,11.05,0.46,18.1,35.8,87.4,0.1,0.478,4.8
Dunlop Explosive 16,dunlop explosive,Polyester,1.3,lengkap,51,Medium,51M,1.30,1.8,2.4,3.0,33.05,35.8,26.0,41.2,74.3,24.1,,248.0,6.66,11.01,0.24,17.9,35.3,90.2,0.1,0.478,4.8
Dunlop Explosive 16,dunlop explosive,Polyester,1.3,lengkap,51,Slow,51S,1.30,1.8,2.4,3.0,32.66,39.6,19.0,24.9,57.8,13.7,,281.8,6.66,11.4,-0.13,17.9,35.3,95.3,0.1,0.478,4.8
Dunlop Explosive 16,dunlop explosive,Polyester,1.3,lengkap,62,Fast,62F,1.30,1.8,2.4,3.0,42.03,32.2,29.0,51.4,93.5,33.9,,248.6,7.61,12.1,0.47,20.1,32.7,89.5,0.1,0.478,4.8
Dunlop Explosive 16,dunlop explosive,Polyester,1.3,lengkap,62,Medium,62M,1.30,1.8,2.4,3.0,42.01,33.8,24.0,39.7,81.8,24.6,,278.9,7.61,12.12,0.18,19.8,32.3,95.6,0.1,0.478,4.8
Dunlop Explosive 16,dunlop explosive,Polyester,1.3,lengkap,62,Slow,62S,1.30,1.8,2.4,3.0,41.45,37.2,18.0,23.4,64.8,14.6,,294.9,7.61,12.68,-0.31,20.1,32.4,97.8,0.1,0.478,4.8
Dunlop Explosive 17 (1.26),dunlop explosive,Polyester,1.26,referensi_51F,51,Fast,51F,1.38,1.8,11.8,12.1,34.51,34.8,32.0,48.5,83.1,33.3,15.7,192.0,4.08,12.13,0.22,16.3,32.4,87.2,0.086,0.436,5.1
Dunlop Explosive 18 (1.20),dunlop explosive,Polyester,1.2,referensi_51F,51,Fast,51F,1.31,,,10.3,36.38,34.4,32.0,49.0,85.3,34.2,16.0,194.3,3.37,10.97,0.2,14.6,28.7,89.5,0.083,0.418,5.0
Dunlop Explosive Synthetic Gut 17,dunlop explosive synthetic gut,Nylon,1.25,lengkap,40,Fast,40F,1.30,7.0,8.2,9.1,30.25,36.9,33.9,41.0,71.2,30.2,,145.2,6.39,3.05,0.15,9.7,24.2,90.4,,,
Dunlop Explosive Synthetic Gut 17,dunlop explosive synthetic gut,Nylon,1.25,lengkap,40,Medium,40M,1.30,7.0,8.2,9.1,30.41,39.3,28.3,30.4,60.9,21.5,,154.3,6.39,2.89,0.11,9.5,23.7,93.1,,,
Dunlop Explosive Synthetic Gut 17,dunlop explosive synthetic gut,Nylon,1.25,lengkap,40,Slow,40S,1.30,7.0,8.2,9.1,30.54,43.6,20.2,15.7,46.3,11.7,,156.6,6.39,2.76,0.02,9.3,23.1,96.8,,,
Dunlop Explosive Synthetic Gut 17,dunlop explosive synthetic gut,Nylon,1.25,lengkap,51,Fast,51F,1.30,7.0,8.2,9.1,41.52,33.8,30.8,41.0,82.5,31.7,,175.5,5.82,3.38,0.11,9.3,18.3,93.9,,,
Dunlop Explosive Synthetic Gut 17,dunlop explosive synthetic gut,Nylon,1.25,lengkap,51,Medium,51M,1.30,7.0,8.2,9.1,41.78,35.9,25.9,29.3,71.0,23.0,,177.2,5.82,3.12,0.06,9.0,17.7,95.8,,,
Dunlop Explosive Synthetic Gut 17,dunlop explosive synthetic gut,Nylon,1.25,lengkap,51,Slow,51S,1.30,7.0,8.2,9.1,42.09,39.1,18.0,14.8,56.9,12.8,,185.2,5.82,2.81,0.02,8.6,17.0,98.4,,,
Dunlop Explosive Synthetic Gut 17,dunlop explosive synthetic gut,Nylon,1.25,lengkap,62,Fast,62F,1.30,7.0,8.2,9.1,51.82,31.6,28.2,41.5,93.3,32.9,,213.2,6.5,3.42,0.31,10.1,16.6,93.9,,,
Dunlop Explosive Synthetic Gut 17,dunlop explosive synthetic gut,Nylon,1.25,lengkap,62,Medium,62M,1.30,7.0,8.2,9.1,52.1,33.4,24.0,28.9,80.9,24.3,,204.0,6.5,3.14,0.11,9.7,15.8,95.6,,,
Dunlop Explosive Synthetic Gut 17,dunlop explosive synthetic gut,Nylon,1.25,lengkap,62,Slow,62S,1.30,7.0,8.2,9.1,52.52,35.7,16.1,13.9,66.6,13.4,,218.3,6.5,2.72,0.0,9.3,14.9,96.2,,,
Dunlop S-Gut 16 (1.32),dunlop s gut,Nylon,1.32,referensi_51F,51,Fast,51F,1.32,1.8,2.4,9.7,43.15,34.5,32.0,39.9,83.1,33.3,16.8,158.3,4.19,3.38,0.31,7.9,15.5,92.4,0.104,0.383,3.7
Dunlop S-Gut 17,dunlop s gut,Nylon/Polyurethane,1.22,lengkap,40,Fast,40F,1.25,9.7,10.6,11.8,29.94,37.7,34.0,39.0,69.0,29.3,,137.2,5.71,4.04,0.13,9.9,24.9,92.0,0.129,0.406,3.1
Dunlop S-Gut 17,dunlop s gut,Nylon/Polyurethane,1.22,lengkap,40,Medium,40M,1.25,9.7,10.6,11.8,30.1,40.1,29.0,28.2,58.4,21.2,,136.6,5.71,3.88,0.07,9.7,24.3,92.5,0.129,0.406,3.1
Dunlop S-Gut 17,dunlop s gut,Nylon/Polyurethane,1.22,lengkap,40,Slow,40S,1.25,9.7,10.6,11.8,30.21,44.3,21.0,15.0,45.2,11.8,,137.2,5.71,3.77,-0.02,9.5,23.8,95.3,0.129,0.406,3.1
Dunlop S-Gut 17,dunlop s gut,Nylon/Polyurethane,1.22,lengkap,51,Fast,51F,1.25,9.7,10.6,11.8,40.09,34.5,31.6,39.9,80.0,31.6,,163.4,6.7,3.93,0.25,10.8,21.4,93.5,0.129,0.406,3.1
Dunlop S-Gut 17,dunlop s gut,Nylon/Polyurethane,1.22,lengkap,51,Medium,51M,1.25,9.7,10.6,11.8,40.29,36.6,26.0,28.7,69.0,22.4,,172.0,6.7,3.73,0.07,10.6,20.7,94.5,0.129,0.406,3.1
Dunlop S-Gut 17,dunlop s gut,Nylon/Polyurethane,1.22,lengkap,51,Slow,51S,1.25,9.7,10.6,11.8,40.51,39.8,18.5,14.6,55.1,12.8,,172.6,6.7,3.51,-0.02,10.1,20.1,96.6,0.129,0.406,3.1
Dunlop S-Gut 17,dunlop s gut,Nylon/Polyurethane,1.22,lengkap,62,Fast,62F,1.25,9.7,10.6,11.8,49.72,32.3,29.2,39.5,89.1,32.6,,187.5,6.88,5.14,0.35,12.3,20.0,94.3,0.129,0.406,3.1
Dunlop S-Gut 17,dunlop s gut,Nylon/Polyurethane,1.22,lengkap,62,Medium,62M,1.25,9.7,10.6,11.8,49.94,34.1,24.0,28.0,78.1,23.4,,197.2,6.88,4.92,0.0,11.9,19.1,94.5,0.129,0.406,3.1
Dunlop S-Gut 17,dunlop s gut,Nylon/Polyurethane,1.22,lengkap,62,Slow,62S,1.25,9.7,10.6,11.8,50.3,36.7,17.0,13.9,64.2,13.6,,194.3,6.88,4.56,-0.06,11.5,18.4,97.0,0.129,0.406,3.1
Dunlop S-Gut 18 (1.19),dunlop s gut,Nylon,1.19,referensi_51F,51,Fast,51F,1.29,9.7,11.5,4.5,42.69,34.8,32.3,39.9,82.7,33.3,16.7,156.0,4.41,3.62,0.2,8.2,16.2,94.5,0.088,0.386,4.4
Grapplesnake Alpha 17 (1.25),grapplesnake alpha,Polyester,1.25,referensi_51F,51,Fast,51F,1.30,1.5,2.4,3.3,36.21,33.7,31.1,52.0,88.4,34.4,16.1,218.3,4.41,10.1,0.4,15.0,29.4,89.3,0.079,0.532,6.7
Grapplesnake Tour M8 17 (1.25),grapplesnake tour m8,Polyester,1.25,referensi_51F,51,Fast,51F,1.30,1.5,2.4,9.4,33.63,34.1,31.9,52.7,86.2,34.4,15.7,210.3,5.62,11.47,0.33,17.4,34.3,87.0,0.066,0.544,8.2
Grapplesnake Tour Sniper 1.25,grapplesnake tour sniper,Polyester,1.25,referensi_51F,51,Fast,51F,1.26,2.4,2.7,10.3,34.62,34.3,31.9,51.8,86.4,34.5,15.8,206.3,5.07,11.03,0.11,16.3,32.0,85.6,0.086,0.501,5.8
Head Reflex MLT 16 (1.30),head reflex mlt,Nylon,1.3,lengkap,40,Fast,40F,,7.3,8.8,10.0,28.51,37.4,34.0,37.5,66.2,28.1,14.5,132.0,5.38,5.8,0.18,11.2,28.6,89.7,0.107,0.547,5.1
Head Reflex MLT 16 (1.30),head reflex mlt,Nylon,1.3,lengkap,40,Medium,40M,,7.3,8.8,10.0,28.6,39.4,28.6,28.7,57.3,20.5,10.7,142.3,5.38,5.71,0.07,11.2,28.1,91.2,0.107,0.547,5.1
Head Reflex MLT 16 (1.30),head reflex mlt,Nylon,1.3,lengkap,40,Slow,40S,,7.3,8.8,10.0,28.58,43.6,20.2,15.4,43.9,11.1,6.7,152.6,5.38,5.73,-0.06,11.0,27.8,98.4,0.107,0.547,5.1
Head Reflex MLT 16 (1.30),head reflex mlt,Nylon,1.3,lengkap,51,Fast,51F,,7.3,8.8,10.0,38.7,34.2,31.2,38.4,77.2,30.1,16.3,159.4,5.01,7.01,0.16,12.1,24.0,90.2,0.107,0.547,5.1
Head Reflex MLT 16 (1.30),head reflex mlt,Nylon,1.3,lengkap,51,Medium,51M,,7.3,8.8,10.0,39.36,35.9,26.0,28.0,67.5,21.9,12.1,168.6,5.01,6.35,0.07,11.5,22.5,95.6,0.107,0.547,5.1
Head Reflex MLT 16 (1.30),head reflex mlt,Nylon,1.3,lengkap,51,Slow,51S,,7.3,8.8,10.0,39.49,39.2,20.0,14.1,53.6,13.4,7.3,143.4,5.01,6.22,-0.05,11.2,22.0,96.2,0.107,0.547,5.1
Head Reflex MLT 16 (1.30),head reflex mlt,Nylon,1.3,lengkap,62,Fast,62F,,7.3,8.8,10.0,49.52,31.8,29.0,37.3,86.7,31.4,17.3,180.0,5.14,7.08,0.24,12.3,20.2,91.8,0.107,0.547,5.1
Head Reflex MLT 16 (1.30),head reflex mlt,Nylon,1.3,lengkap,62,Medium,62M,,7.3,8.8,10.0,49.81,33.3,24.0,27.3,77.2,23.1,13.2,192.6,5.14,6.79,0.02,11.9,19.4,97.0,0.107,0.547,5.1
Head Reflex MLT 16 (1.30),head reflex mlt,Nylon,1.3,lengkap,62,Slow,62S,,7.3,8.8,10.0,50.23,35.7,16.2,13.2,63.5,12.8,8.2,203.5,5.14,6.37,0.02,11.5,18.7,99.4,0.107,0.547,5.1
Head Reflex MLT 17 (1.25),head reflex mlt,Nylon,1.25,referensi_51F,51,Fast,51F,,1.8,3.3,10.0,41.01,35.2,32.3,36.4,77.4,31.3,15.9,141.2,3.66,6.05,0.13,9.9,19.4,93.1,0.107,0.501,4.7
IsoSpeed Black Fire 17,isospeed black fire,Polyester,1.25,lengkap,40,Fast,40F,,2.1,3.0,4.5,20.26,37.8,34.0,50.3,70.6,30.0,14.0,176.6,5.38,14.05,0.64,20.1,50.6,83.7,0.069,0.386,5.6
IsoSpeed Black Fire 17,isospeed black fire,Polyester,1.25,lengkap,40,Medium,40M,,2.1,3.0,4.5,20.35,40.0,29.0,41.0,61.3,22.3,10.6,197.2,5.38,13.96,0.42,19.8,49.8,85.4,0.069,0.386,5.6
IsoSpeed Black Fire 17,isospeed black fire,Polyester,1.25,lengkap,40,Slow,40S,,2.1,3.0,4.5,19.54,45.0,21.8,26.9,46.5,12.7,6.3,230.9,5.38,14.77,-0.3,19.8,50.0,92.9,0.069,0.386,5.6
IsoSpeed Black Fire 17,isospeed black fire,Polyester,1.25,lengkap,51,Fast,51F,,2.1,3.0,4.5,31.38,34.5,31.6,50.1,81.6,32.2,15.6,204.6,5.31,14.03,0.6,19.8,39.3,86.5,0.069,0.386,5.6
IsoSpeed Black Fire 17,isospeed black fire,Polyester,1.25,lengkap,51,Medium,51M,,2.1,3.0,4.5,31.38,36.4,26.1,39.9,71.2,23.2,11.9,238.3,5.31,14.03,0.29,19.6,38.7,90.6,0.069,0.386,5.6
IsoSpeed Black Fire 17,isospeed black fire,Polyester,1.25,lengkap,51,Slow,51S,,2.1,3.0,4.5,30.76,40.5,19.2,24.5,55.1,13.2,7.1,268.6,5.31,14.65,-0.33,19.6,38.7,97.0,0.069,0.386,5.6
IsoSpeed Black Fire 17,isospeed black fire,Polyester,1.25,lengkap,62,Fast,62F,,2.1,3.0,4.5,41.01,32.2,29.6,50.1,91.1,33.7,16.4,232.6,5.82,14.91,0.5,21.2,34.4,88.4,0.069,0.386,5.6
IsoSpeed Black Fire 17,isospeed black fire,Polyester,1.25,lengkap,62,Medium,62M,,2.1,3.0,4.5,41.01,33.9,24.5,39.2,80.3,24.6,12.8,265.7,5.82,14.91,0.17,20.9,33.9,93.3,0.069,0.386,5.6
IsoSpeed Black Fire 17,isospeed black fire,Polyester,1.25,lengkap,62,Slow,62S,,2.1,3.0,4.5,40.4,37.4,17.9,22.5,62.8,14.1,7.6,286.3,5.82,15.52,-0.28,20.9,34.1,97.6,0.069,0.386,5.6
Luxilon 4G 16 (1.30),luxilon 4g,Polyester,1.3,lengkap,40,Fast,40F,,1.2,1.8,2.4,21.26,34.4,32.0,64.6,86.0,34.4,15.7,256.0,5.51,12.92,0.4,18.7,47.4,86.3,,,
Luxilon 4G 16 (1.30),luxilon 4g,Polyester,1.3,lengkap,40,Medium,40M,,1.2,1.8,2.4,21.28,37.2,27.7,50.5,71.9,24.9,11.4,267.5,5.51,12.9,0.31,18.7,47.2,88.4,,,
Luxilon 4G 16 (1.30),luxilon 4g,Polyester,1.3,lengkap,40,Slow,40S,,1.2,1.8,2.4,20.9,42.6,20.7,31.3,52.0,13.5,6.7,296.0,5.51,13.28,0.04,18.7,47.4,93.5,,,
Luxilon 4G 16 (1.30),luxilon 4g,Polyester,1.3,lengkap,51,Fast,51F,,1.2,1.8,2.4,39.14,31.2,29.0,59.3,98.6,35.7,17.3,286.9,3.97,7.61,0.33,11.9,23.5,90.1,,,
Luxilon 4G 16 (1.30),luxilon 4g,Polyester,1.3,lengkap,51,Medium,51M,,1.2,1.8,2.4,39.16,33.3,24.1,45.4,84.5,25.4,13.0,317.2,3.97,7.59,0.13,11.7,23.0,92.7,,,
Luxilon 4G 16 (1.30),luxilon 4g,Polyester,1.3,lengkap,51,Slow,51S,,1.2,1.8,2.4,38.87,37.2,17.8,26.0,64.8,14.4,7.7,334.3,3.97,7.88,-0.16,11.7,23.0,97.2,,,
Luxilon 4G 16 (1.30),luxilon 4g,Polyester,1.3,lengkap,62,Fast,62F,,1.2,1.8,2.4,52.21,29.6,27.1,55.3,107.6,36.5,18.9,305.8,3.09,6.44,0.35,9.9,16.0,92.4,,,
Luxilon 4G 16 (1.30),luxilon 4g,Polyester,1.3,lengkap,62,Medium,62M,,1.2,1.8,2.4,52.28,31.1,22.9,41.9,94.2,27.0,14.1,324.6,3.09,6.37,0.07,9.5,15.4,95.6,,,
Luxilon 4G 16 (1.30),luxilon 4g,Polyester,1.3,lengkap,62,Slow,62S,,1.2,1.8,2.4,52.15,34.3,16.0,22.3,74.5,14.9,8.5,354.3,3.09,6.5,-0.11,9.5,15.4,95.6,,,
Luxilon 4G 16L (1.25),luxilon 4g,Polyester,1.25,lengkap,40,Fast,40F,,1.5,2.4,3.0,24.45,33.7,32.0,59.1,83.6,33.4,13.7,234.9,5.07,10.17,0.37,15.7,39.3,93.9,0.095,0.366,3.9
Luxilon 4G 16L (1.25),luxilon 4g,Polyester,1.25,lengkap,40,Medium,40M,,1.5,2.4,3.0,24.5,37.0,27.0,45.9,70.3,23.8,11.6,254.9,5.07,10.12,0.24,15.4,38.9,91.8,0.095,0.366,3.9
Luxilon 4G 16L (1.25),luxilon 4g,Polyester,1.25,lengkap,40,Slow,40S,,1.5,2.4,3.0,24.37,41.7,20.0,29.3,53.8,13.4,7.0,298.3,5.07,10.25,0.05,15.4,38.7,96.2,0.095,0.366,3.9
Luxilon 4G 16L (1.25),luxilon 4g,Polyester,1.25,lengkap,51,Fast,51F,,1.5,2.4,3.0,40.2,31.8,29.0,53.6,93.7,34.0,17.1,258.9,3.55,6.97,0.29,10.8,21.3,90.8,0.095,0.366,3.9
Luxilon 4G 16L (1.25),luxilon 4g,Polyester,1.25,lengkap,51,Medium,51M,,1.5,2.4,3.0,40.22,33.6,24.0,41.5,81.8,24.5,12.9,292.0,3.55,6.95,0.11,10.6,20.9,94.1,0.095,0.366,3.9
Luxilon 4G 16L (1.25),luxilon 4g,Polyester,1.25,lengkap,51,Slow,51S,,1.5,2.4,3.0,39.91,37.2,17.9,23.8,63.7,14.3,8.0,299.5,3.55,7.26,-0.15,10.6,21.0,96.0,0.095,0.366,3.9
Luxilon 4G 16L (1.25),luxilon 4g,Polyester,1.25,lengkap,62,Fast,62F,,1.5,2.4,3.0,51.38,30.2,27.3,50.1,101.4,34.5,18.1,273.2,2.62,7.74,0.36,10.8,17.4,92.4,0.095,0.366,3.9
Luxilon 4G 16L (1.25),luxilon 4g,Polyester,1.25,lengkap,62,Medium,62M,,1.5,2.4,3.0,51.44,31.7,22.9,38.4,89.7,25.6,13.8,298.3,2.62,7.68,0.04,10.4,16.8,96.2,0.095,0.366,3.9
Luxilon 4G 16L (1.25),luxilon 4g,Polyester,1.25,lengkap,62,Slow,62S,,1.5,2.4,3.0,51.31,34.5,16.0,21.2,72.5,14.5,8.5,335.5,2.62,7.81,-0.2,10.1,16.6,99.8,0.095,0.366,3.9
Luxilon 4G Rough 16L,luxilon 4g rough,Polyester,1.25,lengkap,40,Fast,40F,,1.8,3.3,3.9,15.59,38.5,36.0,59.1,74.7,33.6,14.3,185.2,7.39,16.71,2.82,26.9,67.8,81.4,0.094,0.399,4.2
Luxilon 4G Rough 16L,luxilon 4g rough,Polyester,1.25,lengkap,40,Medium,40M,,1.8,3.3,3.9,15.55,41.7,31.1,47.0,62.6,24.3,10.5,197.7,7.39,16.75,1.83,26.0,65.4,85.6,0.094,0.399,4.2
Luxilon 4G Rough 16L,luxilon 4g rough,Polyester,1.25,lengkap,40,Slow,40S,,1.8,3.3,3.9,15.02,48.8,24.0,30.0,45.0,13.5,6.0,210.3,7.39,17.28,0.49,25.1,63.4,90.6,0.094,0.399,4.2
Luxilon 4G Rough 16L,luxilon 4g rough,Polyester,1.25,lengkap,51,Fast,51F,,1.8,3.3,3.9,35.06,33.9,32.0,54.5,89.5,35.8,17.9,216.0,5.34,10.32,0.99,16.8,32.8,89.7,0.094,0.399,4.2
Luxilon 4G Rough 16L,luxilon 4g rough,Polyester,1.25,lengkap,51,Medium,51M,,1.8,3.3,3.9,35.13,36.2,27.0,42.3,77.4,26.1,12.5,235.5,5.34,10.25,0.36,15.9,31.4,93.3,0.094,0.399,4.2
Luxilon 4G Rough 16L,luxilon 4g rough,Polyester,1.25,lengkap,51,Slow,51S,,1.8,3.3,3.9,35.06,41.2,20.0,24.0,59.1,14.8,7.2,242.9,5.34,10.32,0.11,15.7,31.1,98.0,0.094,0.399,4.2
Luxilon 4G Rough 16L,luxilon 4g rough,Polyester,1.25,lengkap,62,Fast,62F,,1.8,3.3,3.9,48.09,31.8,29.8,51.2,99.2,36.9,18.6,234.9,4.04,9.61,1.26,15.0,24.1,92.4,0.094,0.399,4.2
Luxilon 4G Rough 16L,luxilon 4g rough,Polyester,1.25,lengkap,62,Medium,62M,,1.8,3.3,3.9,48.22,33.8,25.0,38.8,87.1,27.2,13.6,252.0,4.04,9.48,0.59,14.1,22.9,95.6,0.094,0.399,4.2
Luxilon 4G Rough 16L,luxilon 4g rough,Polyester,1.25,lengkap,62,Slow,62S,,1.8,3.3,3.9,47.89,37.8,18.0,21.2,69.0,15.6,7.8,263.5,4.04,9.81,-0.09,13.7,22.3,97.0,0.094,0.399,4.2
Luxilon ALU Power 125/16L,luxilon alu power,Polyester,1.25,lengkap,40,Fast,40F,1.23,1.8,3.0,3.9,18.28,38.4,35.0,55.1,73.4,32.0,,183.5,5.98,15.43,0.44,21.8,55.1,81.0,0.077,0.446,5.8
Luxilon ALU Power 125/16L,luxilon alu power,Polyester,1.25,lengkap,40,Medium,40M,1.23,1.8,3.0,3.9,18.24,41.1,30.0,44.1,62.4,23.4,,198.9,5.98,15.47,0.27,21.8,54.7,86.7,0.077,0.446,5.8
Luxilon ALU Power 125/16L,luxilon alu power,Polyester,1.25,lengkap,40,Slow,40S,1.23,1.8,3.0,3.9,17.84,46.7,22.5,27.3,45.2,12.7,,217.7,5.98,15.87,-0.06,21.8,54.9,91.6,0.077,0.446,5.8
Luxilon ALU Power 125/16L,luxilon alu power,Polyester,1.25,lengkap,51,Fast,51F,1.23,1.8,3.0,3.9,27.52,35.5,32.7,54.9,82.5,33.7,,209.2,8.58,14.62,0.42,23.6,46.6,85.0,0.077,0.446,5.8
Luxilon ALU Power 125/16L,luxilon alu power,Polyester,1.25,lengkap,51,Medium,51M,1.23,1.8,3.0,3.9,27.52,37.9,28.0,43.4,71.0,24.8,,225.2,8.58,14.62,0.18,23.4,46.1,89.5,0.077,0.446,5.8
Luxilon ALU Power 125/16L,luxilon alu power,Polyester,1.25,lengkap,51,Slow,51S,1.23,1.8,3.0,3.9,27.08,42.7,20.2,26.0,53.1,13.4,,258.9,8.58,15.06,-0.22,23.4,46.2,93.1,0.077,0.446,5.8
Luxilon ALU Power 125/16L,luxilon alu power,Polyester,1.25,lengkap,62,Fast,62F,1.23,1.8,3.0,3.9,39.14,32.8,30.0,54.9,94.2,35.3,,248.0,10.25,12.35,0.4,22.9,37.3,88.7,0.077,0.446,5.8
Luxilon ALU Power 125/16L,luxilon alu power,Polyester,1.25,lengkap,62,Medium,62M,1.23,1.8,3.0,3.9,39.14,34.8,25.6,42.1,81.1,26.0,,260.0,10.25,12.35,0.09,22.7,36.8,93.9,0.077,0.446,5.8
Luxilon ALU Power 125/16L,luxilon alu power,Polyester,1.25,lengkap,62,Slow,62S,1.23,1.8,3.0,3.9,38.74,38.9,18.0,24.0,62.8,14.2,,301.2,10.25,12.75,-0.2,22.7,36.9,94.9,0.077,0.446,5.8
Luxilon ALU Power Rough 16L (1.25),luxilon alu power rough,Polyester,1.25,referensi_51F,51,Fast,51F,,8.2,9.7,5.2,30.87,34.9,32.2,53.1,84.0,33.8,15.6,209.2,5.6,14.25,0.22,20.1,39.6,87.4,0.077,0.498,6.5
Luxilon Alu Power Soft 1.25,luxilon alu power soft,Polyester,1.25,lengkap,40,Fast,40F,,2.1,3.6,4.5,18.15,39.3,36.0,50.9,69.2,31.1,13.6,160.0,5.78,15.76,0.62,22.3,55.8,80.6,0.074,0.514,6.9
Luxilon Alu Power Soft 1.25,luxilon alu power soft,Polyester,1.25,lengkap,40,Medium,40M,,2.1,3.6,4.5,18.19,41.9,31.0,41.2,59.5,23.1,10.2,174.9,5.78,15.72,0.4,21.8,55.2,85.7,0.074,0.514,6.9
Luxilon Alu Power Soft 1.25,luxilon alu power soft,Polyester,1.25,lengkap,40,Slow,40S,,2.1,3.6,4.5,17.66,47.9,23.8,26.7,44.5,13.2,6.0,192.0,5.78,16.25,-0.07,22.1,55.3,92.4,0.074,0.514,6.9
Luxilon Alu Power Soft 1.25,luxilon alu power soft,Polyester,1.25,lengkap,51,Fast,51F,,2.1,3.6,4.5,32.63,34.9,32.0,50.1,82.7,33.1,15.5,197.7,5.53,12.56,0.48,18.5,36.6,88.2,0.074,0.514,6.9
Luxilon Alu Power Soft 1.25,luxilon alu power soft,Polyester,1.25,lengkap,51,Medium,51M,,2.1,3.6,4.5,32.66,37.1,27.8,39.7,72.3,25.2,11.8,208.6,5.53,12.53,0.18,18.3,36.0,92.2,0.074,0.514,6.9
Luxilon Alu Power Soft 1.25,luxilon alu power soft,Polyester,1.25,lengkap,51,Slow,51S,,2.1,3.6,4.5,32.33,43.2,20.0,23.2,55.3,13.8,8.7,234.3,5.53,12.86,-0.17,18.3,35.9,97.6,0.074,0.514,6.9
Luxilon Alu Power Soft 1.25,luxilon alu power soft,Polyester,1.25,lengkap,62,Fast,62F,,2.1,3.6,4.5,42.8,32.9,30.2,49.0,91.7,34.6,16.9,217.7,5.67,13.27,0.44,19.4,31.4,90.6,0.074,0.514,6.9
Luxilon Alu Power Soft 1.25,luxilon alu power soft,Polyester,1.25,lengkap,62,Medium,62M,,2.1,3.6,4.5,42.82,34.8,26.0,37.9,80.7,26.2,12.6,228.6,5.67,13.25,0.13,19.0,30.9,96.4,0.074,0.514,6.9
Luxilon Alu Power Soft 1.25,luxilon alu power soft,Polyester,1.25,lengkap,62,Slow,62S,,2.1,3.6,4.5,42.27,39.0,18.3,20.9,63.1,14.4,7.4,253.7,5.67,13.8,-0.37,19.2,30.9,97.2,0.074,0.514,6.9
Luxilon Alu Power Vibe 16 (1.25),luxilon alu power vibe,Polyester,1.25,referensi_51F,51,Fast,51F,,2.7,6.1,4.5,33.47,34.4,31.9,52.0,85.6,34.0,15.5,208.0,5.25,12.0,0.13,17.4,34.3,86.9,0.107,0.533,5.0
Luxilon Element Soft IR 1.27,luxilon element soft ir,Polyester,1.27,referensi_51F,51,Fast,51F,1.34,1.5,2.4,10.0,28.44,35.9,32.9,52.7,81.1,33.5,15.5,197.7,5.53,16.75,-0.11,22.3,43.7,82.8,0.072,0.503,7.0
MSV Co-Focus 17L (1.18),msv co focus,Polyester,1.18,referensi_51F,51,Fast,51F,1.32,5.5,6.7,,35.24,34.8,32.3,47.6,82.9,33.4,16.4,185.7,3.46,12.02,0.25,15.7,31.0,88.5,0.068,0.493,7.2
MSV Co.-Focus 16L,msv co focus,Polyester,1.27,lengkap,40,Fast,40F,1.28,2.1,3.3,5.2,16.32,40.3,36.0,50.1,66.4,29.9,,157.2,5.93,17.44,0.71,24.0,60.7,78.7,0.089,0.377,4.2
MSV Co.-Focus 16L,msv co focus,Polyester,1.27,lengkap,40,Medium,40M,1.28,2.1,3.3,5.2,16.32,42.8,30.6,40.6,56.9,21.8,,176.6,5.93,17.44,0.49,23.8,60.1,84.1,0.089,0.377,4.2
MSV Co.-Focus 16L,msv co focus,Polyester,1.27,lengkap,40,Slow,40S,1.28,2.1,3.3,5.2,15.88,47.8,23.1,27.1,43.0,12.4,,206.9,5.93,17.88,-0.06,23.8,59.8,91.4,0.089,0.377,4.2
MSV Co.-Focus 16L,msv co focus,Polyester,1.27,lengkap,51,Fast,51F,1.28,2.1,3.3,5.2,26.15,36.8,33.0,49.6,75.6,31.2,,184.6,8.78,15.79,0.64,25.1,49.7,85.2,0.089,0.377,4.2
MSV Co.-Focus 16L,msv co focus,Polyester,1.27,lengkap,51,Medium,51M,1.28,2.1,3.3,5.2,26.2,38.9,28.0,39.9,66.2,23.2,,206.9,8.78,15.74,0.45,24.9,49.2,89.5,0.089,0.377,4.2
MSV Co.-Focus 16L,msv co focus,Polyester,1.27,lengkap,51,Slow,51S,1.28,2.1,3.3,5.2,25.8,43.0,20.6,25.6,51.4,13.3,,244.6,8.78,16.14,-0.15,24.7,48.8,94.7,0.089,0.377,4.2
MSV Co.-Focus 16L,msv co focus,Polyester,1.27,lengkap,62,Fast,62F,1.28,2.1,3.3,5.2,36.34,34.1,30.9,50.1,86.4,33.3,,213.2,9.26,16.14,0.73,26.2,42.3,86.7,0.089,0.377,4.2
MSV Co.-Focus 16L,msv co focus,Polyester,1.27,lengkap,62,Medium,62M,1.28,2.1,3.3,5.2,36.34,36.0,26.0,39.2,75.6,24.6,,236.6,9.26,16.14,0.16,25.6,41.4,94.3,0.089,0.377,4.2
MSV Co.-Focus 16L,msv co focus,Polyester,1.27,lengkap,62,Slow,62S,1.28,2.1,3.3,5.2,35.83,39.7,19.0,23.4,59.3,14.1,,263.5,9.26,16.65,-0.22,25.6,41.6,95.1,0.089,0.377,4.2
MSV Focus Hex Soft 17 (1.25),msv focus hex soft,Polyester,1.25,lengkap,40,Fast,40F,,2.1,3.0,3.9,21.28,34.5,32.0,53.6,74.7,29.9,15.7,212.0,6.2,12.21,0.51,19.0,47.7,85.0,0.075,0.469,6.3
MSV Focus Hex Soft 17 (1.25),msv focus hex soft,Polyester,1.25,lengkap,40,Medium,40M,,2.1,3.0,3.9,21.3,36.8,27.4,42.6,63.9,21.9,11.8,229.7,6.2,12.19,0.24,18.5,46.9,91.8,0.075,0.469,6.3
MSV Focus Hex Soft 17 (1.25),msv focus hex soft,Polyester,1.25,lengkap,40,Slow,40S,,2.1,3.0,3.9,20.82,41.7,20.0,25.4,46.1,11.5,6.9,256.6,6.2,12.67,-0.15,18.7,47.2,95.5,0.075,0.469,6.3
MSV Focus Hex Soft 17 (1.25),msv focus hex soft,Polyester,1.25,lengkap,51,Fast,51F,,2.1,3.0,3.9,36.21,31.9,29.8,49.8,86.0,32.1,17.6,228.0,4.63,9.88,0.42,15.0,29.4,91.4,0.075,0.469,6.3
MSV Focus Hex Soft 17 (1.25),msv focus hex soft,Polyester,1.25,lengkap,51,Medium,51M,,2.1,3.0,3.9,36.25,33.7,25.0,38.6,75.0,23.4,13.0,252.0,4.63,9.84,0.13,14.6,28.8,95.5,0.075,0.469,6.3
MSV Focus Hex Soft 17 (1.25),msv focus hex soft,Polyester,1.25,lengkap,51,Slow,51S,,2.1,3.0,3.9,35.85,37.6,18.0,21.8,57.8,13.0,7.7,274.3,4.63,10.24,-0.22,14.6,28.9,98.4,0.075,0.469,6.3
MSV Focus Hex Soft 17 (1.25),msv focus hex soft,Polyester,1.25,lengkap,62,Fast,62F,,2.1,3.0,3.9,46.37,30.4,28.0,47.8,94.4,33.0,18.7,248.0,4.76,10.61,0.51,15.9,25.7,91.8,0.075,0.469,6.3
MSV Focus Hex Soft 17 (1.25),msv focus hex soft,Polyester,1.25,lengkap,62,Medium,62M,,2.1,3.0,3.9,46.46,32.0,23.8,36.4,82.9,24.7,13.8,260.6,4.76,10.52,0.11,15.4,24.9,96.2,0.075,0.469,6.3
MSV Focus Hex Soft 17 (1.25),msv focus hex soft,Polyester,1.25,lengkap,62,Slow,62S,,2.1,3.0,3.9,46.42,35.3,16.6,19.4,65.9,13.7,8.3,287.5,4.76,10.56,-0.02,15.2,24.8,99.4,0.075,0.469,6.3
MSV Focus Hex Soft 17L (1.20),msv focus hex soft,Polyester,1.2,referensi_51F,51,Fast,51F,,2.1,2.4,3.9,37.9,33.9,31.8,48.5,86.4,34.4,16.6,194.3,3.29,9.53,0.28,13.0,25.8,89.7,0.081,0.594,7.3
MSV Hepta-Twist 16,msv hepta twist,Polyester,1.3,lengkap,40,Fast,40F,1.34,2.4,4.2,6.4,14.91,40.8,36.0,48.3,63.3,28.5,,151.4,7.72,17.06,0.51,25.4,63.7,77.8,0.093,,
MSV Hepta-Twist 16,msv hepta twist,Polyester,1.3,lengkap,40,Medium,40M,1.34,2.4,4.2,6.4,14.86,43.2,30.8,39.9,54.7,21.0,,170.9,7.72,17.11,0.42,25.1,63.6,81.5,0.093,,
MSV Hepta-Twist 16,msv hepta twist,Polyester,1.3,lengkap,40,Slow,40S,1.34,2.4,4.2,6.4,14.38,48.2,23.8,27.1,41.5,12.4,,194.3,7.72,17.59,-0.06,25.1,63.6,88.9,0.093,,
MSV Hepta-Twist 16,msv hepta twist,Polyester,1.3,lengkap,51,Fast,51F,1.34,2.4,4.2,6.4,25.25,36.5,32.7,49.6,74.7,30.5,,188.6,9.44,16.03,0.55,26.0,51.3,84.1,0.093,,
MSV Hepta-Twist 16,msv hepta twist,Polyester,1.3,lengkap,51,Medium,51M,1.34,2.4,4.2,6.4,25.27,38.6,28.0,39.5,64.8,22.6,,204.6,9.44,16.01,0.31,25.8,50.8,88.0,0.093,,
MSV Hepta-Twist 16,msv hepta twist,Polyester,1.3,lengkap,51,Slow,51S,1.34,2.4,4.2,6.4,24.81,42.8,20.3,25.6,50.5,12.8,,253.2,9.44,16.47,-0.19,25.8,50.7,92.7,0.093,,
MSV Hepta-Twist 16,msv hepta twist,Polyester,1.3,lengkap,62,Fast,62F,1.34,2.4,4.2,6.4,35.72,33.7,30.1,49.8,85.6,32.2,,223.5,10.12,15.9,0.53,26.5,43.0,87.6,0.093,,
MSV Hepta-Twist 16,msv hepta twist,Polyester,1.3,lengkap,62,Medium,62M,1.34,2.4,4.2,6.4,35.68,35.6,25.9,39.0,74.7,24.2,,236.0,10.12,15.94,0.18,26.2,42.5,92.0,0.093,,
MSV Hepta-Twist 16,msv hepta twist,Polyester,1.3,lengkap,62,Slow,62S,1.34,2.4,4.2,6.4,34.97,39.4,18.8,23.8,58.7,13.8,,272.0,10.12,16.65,-0.4,26.5,42.7,95.5,0.093,,
MSV Hepta-Twist 17,msv hepta twist,Polyester,1.25,lengkap,40,Fast,40F,1.30,3.3,5.5,6.7,14.75,41.3,36.2,46.7,61.5,27.9,,144.6,8.91,16.03,0.75,25.8,64.7,77.1,0.085,0.482,5.7
MSV Hepta-Twist 17,msv hepta twist,Polyester,1.25,lengkap,40,Medium,40M,1.30,3.3,5.5,6.7,14.75,43.9,31.6,37.3,52.0,20.6,,152.0,8.91,16.03,0.51,25.4,64.1,81.7,0.085,0.482,5.7
MSV Hepta-Twist 17,msv hepta twist,Polyester,1.25,lengkap,40,Slow,40S,1.30,3.3,5.5,6.7,14.22,49.1,24.0,25.8,40.1,12.0,,182.3,8.91,16.56,-0.07,25.4,64.0,89.9,0.085,0.482,5.7
MSV Hepta-Twist 17,msv hepta twist,Polyester,1.25,lengkap,51,Fast,51F,1.30,3.3,5.5,6.7,25.86,36.6,33.0,48.5,74.5,30.7,,181.2,8.69,16.17,0.59,25.4,50.2,84.1,0.085,0.482,5.7
MSV Hepta-Twist 17,msv hepta twist,Polyester,1.25,lengkap,51,Medium,51M,1.30,3.3,5.5,6.7,25.95,38.8,28.0,39.0,65.0,22.7,,202.3,8.69,16.08,0.37,25.1,49.6,89.1,0.085,0.482,5.7
MSV Hepta-Twist 17,msv hepta twist,Polyester,1.25,lengkap,51,Slow,51S,1.30,3.3,5.5,6.7,25.07,43.0,20.5,25.1,50.1,12.8,,243.5,8.69,16.96,-0.57,25.1,49.4,96.0,0.085,0.482,5.7
MSV Hepta-Twist 17,msv hepta twist,Polyester,1.25,lengkap,62,Fast,62F,1.30,3.3,5.5,6.7,35.92,33.9,30.4,48.5,84.5,32.1,,214.3,9.68,16.14,0.6,26.5,42.8,88.7,0.085,0.482,5.7
MSV Hepta-Twist 17,msv hepta twist,Polyester,1.25,lengkap,62,Medium,62M,1.30,3.3,5.5,6.7,35.94,35.8,26.0,38.1,74.1,24.1,,230.3,9.68,16.12,0.22,26.0,42.1,92.5,0.085,0.482,5.7
MSV Hepta-Twist 17,msv hepta twist,Polyester,1.25,lengkap,62,Slow,62S,1.30,3.3,5.5,6.7,34.97,39.5,19.0,23.4,58.4,13.9,,264.0,9.68,17.09,-0.68,26.0,42.2,96.4,0.085,0.482,5.7
Prince Tournament Poly 16,prince tournament poly,Polyester,1.3,lengkap,40,Fast,40F,1.30,1.5,2.4,3.6,20.22,37.5,33.9,54.5,74.7,31.7,,193.2,4.9,14.57,0.49,20.1,50.3,79.7,0.09,,
Prince Tournament Poly 16,prince tournament poly,Polyester,1.3,lengkap,40,Medium,40M,1.30,1.5,2.4,3.6,20.24,39.8,28.2,44.8,65.0,22.9,,228.6,4.9,14.55,0.35,19.8,49.9,85.4,0.09,,
Prince Tournament Poly 16,prince tournament poly,Polyester,1.3,lengkap,40,Slow,40S,1.30,1.5,2.4,3.6,19.69,44.6,21.9,29.1,49.0,13.4,,247.5,4.9,15.1,-0.22,19.8,49.8,92.4,0.09,,
Prince Tournament Poly 16,prince tournament poly,Polyester,1.3,lengkap,51,Fast,51F,1.30,1.5,2.4,3.6,27.92,35.4,32.0,54.0,82.0,32.8,,215.5,7.72,15.08,0.49,23.4,45.9,83.2,0.09,,
Prince Tournament Poly 16,prince tournament poly,Polyester,1.3,lengkap,51,Medium,51M,1.30,1.5,2.4,3.6,27.92,37.3,26.6,43.4,71.2,23.7,,249.7,7.72,15.08,0.29,23.2,45.5,88.9,0.09,,
Prince Tournament Poly 16,prince tournament poly,Polyester,1.3,lengkap,51,Slow,51S,1.30,1.5,2.4,3.6,27.25,41.5,20.0,27.3,54.7,13.7,,277.7,7.72,15.75,-0.4,23.2,45.5,91.8,0.09,,
Prince Tournament Poly 16,prince tournament poly,Polyester,1.3,lengkap,62,Fast,62F,1.30,1.5,2.4,3.6,37.09,33.0,30.0,55.6,92.6,34.7,,252.0,9.53,15.12,0.58,25.1,40.9,86.7,0.09,,
Prince Tournament Poly 16,prince tournament poly,Polyester,1.3,lengkap,62,Medium,62M,1.30,1.5,2.4,3.6,37.11,34.8,25.0,44.1,81.1,25.4,,286.3,9.53,15.1,0.22,24.9,40.3,92.0,0.09,,
Prince Tournament Poly 16,prince tournament poly,Polyester,1.3,lengkap,62,Slow,62S,1.30,1.5,2.4,3.6,36.38,38.5,18.0,26.0,62.4,14.1,,325.2,9.53,15.83,-0.51,24.9,40.3,95.1,0.09,,
Prince Tournament Poly 17,prince tournament poly,Polyester,1.24,lengkap,40,Fast,40F,1.24,1.8,3.0,4.5,17.33,39.3,34.7,52.0,69.2,30.1,,175.5,5.62,16.74,0.57,22.9,57.8,78.0,,,
Prince Tournament Poly 17,prince tournament poly,Polyester,1.24,lengkap,40,Medium,40M,1.24,1.8,3.0,4.5,17.2,41.6,30.0,42.3,59.5,22.3,,191.5,5.62,16.87,0.35,22.9,57.6,82.3,,,
Prince Tournament Poly 17,prince tournament poly,Polyester,1.24,lengkap,40,Slow,40S,1.24,1.8,3.0,4.5,16.6,46.8,22.3,28.4,45.2,12.6,,233.7,5.62,17.47,-0.25,22.9,57.6,91.2,,,
Prince Tournament Poly 17,prince tournament poly,Polyester,1.24,lengkap,51,Fast,51F,1.24,1.8,3.0,4.5,25.29,36.4,32.2,53.1,78.5,31.6,,209.2,8.0,17.43,0.42,25.8,51.0,81.9,,,
Prince Tournament Poly 17,prince tournament poly,Polyester,1.24,lengkap,51,Medium,51M,1.24,1.8,3.0,4.5,25.27,38.4,27.9,43.0,68.1,23.8,,224.0,8.0,17.45,0.29,25.8,50.7,86.7,,,
Prince Tournament Poly 17,prince tournament poly,Polyester,1.24,lengkap,51,Slow,51S,1.24,1.8,3.0,4.5,24.59,43.0,20.2,27.3,52.0,13.1,,273.2,8.0,18.13,-0.35,25.8,50.8,92.9,,,
Prince Tournament Poly 17,prince tournament poly,Polyester,1.24,lengkap,62,Fast,62F,1.24,1.8,3.0,4.5,36.03,33.3,30.0,54.7,90.6,34.0,,246.9,10.41,15.3,0.55,26.2,42.5,86.1,,,
Prince Tournament Poly 17,prince tournament poly,Polyester,1.24,lengkap,62,Medium,62M,1.24,1.8,3.0,4.5,36.05,35.2,25.7,43.0,79.2,25.4,,264.6,10.41,15.28,0.28,26.0,42.1,92.5,,,
Prince Tournament Poly 17,prince tournament poly,Polyester,1.24,lengkap,62,Slow,62S,1.24,1.8,3.0,4.5,35.52,39.1,18.3,25.1,60.6,13.9,,305.2,10.41,15.81,-0.2,26.0,42.1,95.1,,,
Signum Pro Hyperion 16,signum pro hyperion,Polyester,1.3,lengkap,40,Fast,40F,1.35,1.5,,3.0,21.85,36.8,33.0,53.8,75.6,31.2,,200.6,5.4,12.44,0.42,18.3,46.0,82.1,0.096,0.443,4.6
Signum Pro Hyperion 16,signum pro hyperion,Polyester,1.3,lengkap,40,Medium,40M,1.35,1.5,,3.0,21.87,39.0,28.0,43.7,65.5,22.9,,226.3,5.4,12.42,0.35,18.1,45.8,85.6,0.096,0.443,4.6
Signum Pro Hyperion 16,signum pro hyperion,Polyester,1.3,lengkap,40,Slow,40S,1.35,1.5,,3.0,21.52,43.4,21.0,27.8,49.4,13.0,,256.6,5.4,12.77,-0.09,18.1,45.6,92.4,0.096,0.443,4.6
Signum Pro Hyperion 16,signum pro hyperion,Polyester,1.3,lengkap,51,Fast,51F,1.35,1.5,,3.0,30.58,34.6,31.1,52.3,82.9,32.2,,220.0,7.25,12.89,0.59,20.7,40.9,85.6,0.096,0.443,4.6
Signum Pro Hyperion 16,signum pro hyperion,Polyester,1.3,lengkap,51,Medium,51M,1.35,1.5,,3.0,30.65,36.4,26.0,41.9,72.5,23.6,,251.5,7.25,12.82,0.33,20.3,40.2,90.8,0.096,0.443,4.6
Signum Pro Hyperion 16,signum pro hyperion,Polyester,1.3,lengkap,51,Slow,51S,1.35,1.5,,3.0,30.19,40.3,19.4,25.8,56.0,13.5,,278.9,7.25,13.28,-0.15,20.3,40.2,96.6,0.096,0.443,4.6
Signum Pro Hyperion 16,signum pro hyperion,Polyester,1.3,lengkap,62,Fast,62F,1.35,1.5,,3.0,38.04,32.9,30.0,52.3,90.2,33.8,,235.5,9.17,14.53,0.56,24.3,39.3,86.7,0.096,0.443,4.6
Signum Pro Hyperion 16,signum pro hyperion,Polyester,1.3,lengkap,62,Medium,62M,1.35,1.5,,3.0,38.04,34.6,25.0,41.0,78.9,24.7,,266.3,9.17,14.53,0.2,23.8,38.7,92.4,0.096,0.443,4.6
Signum Pro Hyperion 16,signum pro hyperion,Polyester,1.3,lengkap,62,Slow,62S,1.35,1.5,,3.0,37.6,38.1,18.0,24.0,61.7,13.9,,301.8,9.17,14.97,-0.24,23.8,38.7,96.4,0.096,0.443,4.6
Signum Pro Hyperion 17 (1.24),signum pro hyperion,Polyester,1.24,lengkap,40,Fast,40F,1.26,2.1,3.0,3.9,21.79,37.4,33.9,52.0,73.9,31.3,,184.6,5.29,12.61,0.6,18.5,46.6,81.7,0.104,0.442,4.2
Signum Pro Hyperion 17 (1.24),signum pro hyperion,Polyester,1.24,lengkap,40,Medium,40M,1.26,2.1,3.0,3.9,21.83,39.7,28.2,41.5,63.3,22.3,,212.0,5.29,12.57,0.22,18.1,45.6,87.2,0.104,0.442,4.2
Signum Pro Hyperion 17 (1.24),signum pro hyperion,Polyester,1.24,lengkap,40,Slow,40S,1.26,2.1,3.0,3.9,21.48,44.4,21.3,26.7,48.3,12.8,,239.5,5.29,12.92,-0.08,18.1,45.7,93.9,0.104,0.442,4.2
Signum Pro Hyperion 17 (1.24),signum pro hyperion,Polyester,1.24,lengkap,51,Fast,51F,1.26,2.1,3.0,3.9,29.66,35.4,32.0,50.9,80.7,32.2,,202.3,7.01,14.05,0.55,21.6,42.6,84.8,0.104,0.442,4.2
Signum Pro Hyperion 17 (1.24),signum pro hyperion,Polyester,1.24,lengkap,51,Medium,51M,1.26,2.1,3.0,3.9,29.66,37.3,26.9,39.9,69.5,23.4,,224.0,7.01,14.05,0.31,21.4,42.1,90.1,0.104,0.442,4.2
Signum Pro Hyperion 17 (1.24),signum pro hyperion,Polyester,1.24,lengkap,51,Slow,51S,1.26,2.1,3.0,3.9,29.17,41.4,20.0,25.4,54.5,13.6,,257.7,7.01,14.54,-0.16,21.4,42.2,95.1,0.104,0.442,4.2
Signum Pro Hyperion 17 (1.24),signum pro hyperion,Polyester,1.24,lengkap,62,Fast,62F,1.26,2.1,3.0,3.9,36.85,33.6,30.1,51.6,88.4,33.3,,232.6,9.28,15.61,0.58,25.4,41.2,87.4,0.104,0.442,4.2
Signum Pro Hyperion 17 (1.24),signum pro hyperion,Polyester,1.24,lengkap,62,Medium,62M,1.26,2.1,3.0,3.9,36.85,35.3,25.4,39.9,76.7,24.3,,250.3,9.28,15.61,0.25,25.1,40.7,92.0,0.104,0.442,4.2
Signum Pro Hyperion 17 (1.24),signum pro hyperion,Polyester,1.24,lengkap,62,Slow,62S,1.26,2.1,3.0,3.9,36.36,39.1,18.2,23.8,60.0,13.7,,291.5,9.28,16.1,-0.24,25.1,40.7,93.9,0.104,0.442,4.2
Signum Pro Hyperion 18 (1.18),signum pro hyperion,Polyester,1.18,referensi_51F,51,Fast,51F,1.21,2.1,2.7,3.6,32.81,35.5,32.6,48.1,80.9,33.0,15.4,184.0,4.3,13.61,0.4,18.3,36.1,85.6,0.089,0.516,5.8
Signum Pro Plasma HEXtreme 16 (1.30),signum pro plasma hextreme,Polyester,1.3,referensi_51F,51,Fast,51F,1.37,,,12.4,38.48,33.2,30.8,52.9,91.3,35.2,16.5,225.7,3.64,8.6,0.33,12.6,24.8,88.9,0.081,0.594,7.3
Signum Pro Plasma HEXtreme 16L/1.25,signum pro plasma hextreme,Polyester,1.25,lengkap,40,Fast,40F,1.24,1.8,2.4,3.3,21.32,37.6,34.0,52.9,74.1,31.5,,185.7,5.64,12.73,0.39,18.7,47.3,81.4,0.076,0.451,5.9
Signum Pro Plasma HEXtreme 16L/1.25,signum pro plasma hextreme,Polyester,1.25,lengkap,40,Medium,40M,1.24,1.8,2.4,3.3,21.37,39.9,29.0,42.8,64.2,23.3,,206.9,5.64,12.68,0.31,18.5,46.9,87.4,0.076,0.451,5.9
Signum Pro Plasma HEXtreme 16L/1.25,signum pro plasma hextreme,Polyester,1.25,lengkap,40,Slow,40S,1.24,1.8,2.4,3.3,20.73,45.1,21.9,27.1,47.8,13.1,,229.7,5.64,13.32,-0.26,18.7,47.1,93.5,0.076,0.451,5.9
Signum Pro Plasma HEXtreme 16L/1.25,signum pro plasma hextreme,Polyester,1.25,lengkap,51,Fast,51F,1.24,1.8,2.4,3.3,30.1,35.2,32.0,51.6,81.8,32.7,,204.6,7.45,13.17,0.44,21.2,41.5,86.1,0.076,0.451,5.9
Signum Pro Plasma HEXtreme 16L/1.25,signum pro plasma hextreme,Polyester,1.25,lengkap,51,Medium,51M,1.24,1.8,2.4,3.3,30.16,37.3,27.0,41.0,71.2,24.0,,228.6,7.45,13.11,0.26,20.7,41.0,89.3,0.076,0.451,5.9
Signum Pro Plasma HEXtreme 16L/1.25,signum pro plasma hextreme,Polyester,1.25,lengkap,51,Slow,51S,1.24,1.8,2.4,3.3,29.5,41.6,20.0,24.9,54.5,13.6,,254.9,7.45,13.77,-0.4,20.7,41.0,94.5,0.076,0.451,5.9
Signum Pro Plasma HEXtreme 16L/1.25,signum pro plasma hextreme,Polyester,1.25,lengkap,62,Medium,62M,1.24,1.8,2.4,3.3,38.41,35.2,25.9,40.4,78.7,25.5,,245.2,9.37,13.96,0.15,23.4,38.0,92.2,0.076,0.451,5.9
Signum Pro Plasma HEXtreme 16L/1.25,signum pro plasma hextreme,Polyester,1.25,lengkap,62,Slow,62S,1.24,1.8,2.4,3.3,37.82,39.1,17.1,23.2,61.1,13.1,,321.2,9.37,14.55,-0.3,23.6,38.2,94.9,0.076,0.451,5.9
Signum Pro Tornado 16,signum pro tornado,Polyester,1.29,lengkap,40,Fast,40F,1.33,1.8,3.3,4.2,15.15,39.0,35.1,54.7,69.7,30.6,,180.6,6.57,17.97,0.51,25.1,63.1,80.1,0.085,0.434,5.1
Signum Pro Tornado 16,signum pro tornado,Polyester,1.29,lengkap,40,Medium,40M,1.33,1.8,3.3,4.2,15.15,41.7,30.0,43.9,59.1,22.1,,197.7,6.57,17.97,0.38,24.9,62.8,84.6,0.085,0.434,5.1
Signum Pro Tornado 16,signum pro tornado,Polyester,1.29,lengkap,40,Slow,40S,1.33,1.8,3.3,4.2,14.82,46.9,23.0,29.1,43.9,12.6,,224.0,6.57,18.3,0.0,24.9,62.7,91.6,0.085,0.434,5.1
Signum Pro Tornado 16,signum pro tornado,Polyester,1.29,lengkap,51,Fast,51F,1.33,1.8,3.3,4.2,26.99,35.1,32.0,54.2,81.4,32.5,,215.5,9.46,14.27,0.49,24.3,47.7,86.1,0.085,0.434,5.1
Signum Pro Tornado 16,signum pro tornado,Polyester,1.29,lengkap,51,Medium,51M,1.33,1.8,3.3,4.2,27.03,37.3,27.0,43.4,70.6,23.8,,242.3,9.46,14.23,0.35,24.0,47.4,90.4,0.085,0.434,5.1
Signum Pro Tornado 16,signum pro tornado,Polyester,1.29,lengkap,51,Slow,51S,1.33,1.8,3.3,4.2,26.59,41.7,20.0,26.7,53.1,13.3,,270.3,9.46,14.67,-0.09,24.0,47.4,96.6,0.085,0.434,5.1
Signum Pro Tornado 16,signum pro tornado,Polyester,1.29,lengkap,62,Fast,62F,1.33,1.8,3.3,4.2,40.57,32.2,29.1,53.6,94.2,34.2,,256.6,9.0,12.17,0.48,21.6,35.1,89.7,0.085,0.434,5.1
Signum Pro Tornado 16,signum pro tornado,Polyester,1.29,lengkap,62,Medium,62M,1.33,1.8,3.3,4.2,40.62,34.0,24.0,41.0,81.8,24.6,,288.6,9.0,12.12,0.22,21.4,34.6,93.7,0.085,0.434,5.1
Signum Pro Tornado 16,signum pro tornado,Polyester,1.29,lengkap,62,Slow,62S,1.33,1.8,3.3,4.2,40.15,37.5,17.9,23.8,63.9,14.4,,301.2,9.0,12.59,-0.25,21.4,34.6,97.4,0.085,0.434,5.1
Signum Pro Tornado 17 (1.23),signum pro tornado,Polyester,1.23,lengkap,40,Fast,40F,1.30,2.4,2.7,3.3,19.01,37.7,34.0,54.9,73.9,31.4,,193.2,5.38,15.3,0.62,21.4,53.7,79.9,0.091,0.441,4.8
Signum Pro Tornado 17 (1.23),signum pro tornado,Polyester,1.23,lengkap,40,Medium,40M,1.30,2.4,2.7,3.3,19.01,40.3,29.0,43.4,62.4,22.7,,209.2,5.38,15.3,0.27,20.9,52.8,85.2,0.091,0.441,4.8
Signum Pro Tornado 17 (1.23),signum pro tornado,Polyester,1.23,lengkap,40,Slow,40S,1.30,2.4,2.7,3.3,18.59,45.4,22.0,28.4,47.0,12.9,,238.9,5.38,15.72,-0.02,21.2,53.1,90.4,0.091,0.441,4.8
Signum Pro Tornado 17 (1.23),signum pro tornado,Polyester,1.23,lengkap,51,Fast,51F,1.30,2.4,2.7,3.3,28.69,35.0,32.0,53.8,82.7,33.0,,214.3,7.72,14.31,0.47,22.5,44.3,85.2,0.091,0.441,4.8
Signum Pro Tornado 17 (1.23),signum pro tornado,Polyester,1.23,lengkap,51,Medium,51M,1.30,2.4,2.7,3.3,28.71,37.1,26.9,42.1,70.8,23.8,,235.5,7.72,14.29,0.27,22.3,43.9,91.0,0.091,0.441,4.8
Signum Pro Tornado 17 (1.23),signum pro tornado,Polyester,1.23,lengkap,51,Slow,51S,1.30,2.4,2.7,3.3,28.25,41.4,20.0,25.8,54.0,13.5,,262.9,7.72,14.75,-0.19,22.3,43.9,91.8,0.091,0.441,4.8
Signum Pro Tornado 17 (1.23),signum pro tornado,Polyester,1.23,lengkap,62,Fast,62F,1.30,2.4,2.7,3.3,40.7,32.4,29.3,52.9,93.7,34.3,,250.3,7.83,13.21,0.55,21.6,35.0,90.1,0.091,0.441,4.8
Signum Pro Tornado 17 (1.23),signum pro tornado,Polyester,1.23,lengkap,62,Medium,62M,1.30,2.4,2.7,3.3,40.73,34.2,24.5,40.4,80.9,24.8,,272.6,7.83,13.18,0.16,21.2,34.3,92.9,0.091,0.441,4.8
Signum Pro Tornado 17 (1.23),signum pro tornado,Polyester,1.23,lengkap,62,Slow,62S,1.30,2.4,2.7,3.3,40.26,37.8,18.0,23.4,63.7,14.3,,293.2,7.83,13.65,-0.27,21.2,34.4,95.5,0.091,0.441,4.8
Signum Pro Tornado 18 (1.17),signum pro tornado,Polyester,1.17,referensi_51F,51,Fast,51F,1.26,2.4,2.4,3.9,31.27,36.4,33.9,47.4,78.5,33.3,14.9,167.4,4.41,15.04,0.4,19.8,39.1,86.1,0.092,0.546,5.9
Signum Pro X-Perience 17 (1.24),signum pro x perience,Polyester,1.24,referensi_51F,51,Fast,51F,1.30,7.6,2.4,6.7,38.48,33.0,30.2,50.5,89.1,33.6,16.5,224.6,3.46,8.78,0.55,12.8,25.2,87.8,0.087,0.536,6.2
Solinco Barb Wire 16,solinco barb wire,Polyester,1.3,lengkap,40,Fast,40F,1.38,2.1,2.7,3.0,22.18,36.9,33.0,52.7,75.0,30.9,,196.6,5.07,12.44,0.42,17.9,45.2,83.4,0.123,0.542,4.4
Solinco Barb Wire 16,solinco barb wire,Polyester,1.3,lengkap,40,Medium,40M,1.38,2.1,2.7,3.0,22.2,39.1,28.0,42.1,64.4,22.5,,218.9,5.07,12.42,0.26,17.9,44.7,88.2,0.123,0.542,4.4
Solinco Barb Wire 16,solinco barb wire,Polyester,1.3,lengkap,40,Slow,40S,1.38,2.1,2.7,3.0,21.9,43.5,21.0,27.3,49.4,12.9,,252.6,5.07,12.72,-0.08,17.6,44.6,92.4,0.123,0.542,4.4
Solinco Barb Wire 16,solinco barb wire,Polyester,1.3,lengkap,51,Fast,51F,1.38,2.1,2.7,3.0,30.89,34.6,31.0,50.7,81.6,31.6,,214.3,7.41,12.42,0.55,20.3,40.2,86.9,0.123,0.542,4.4
Solinco Barb Wire 16,solinco barb wire,Polyester,1.3,lengkap,51,Medium,51M,1.38,2.1,2.7,3.0,30.89,36.5,26.0,40.8,71.7,23.3,,244.6,7.41,12.42,0.11,19.8,39.3,90.8,0.123,0.542,4.4
Solinco Barb Wire 16,solinco barb wire,Polyester,1.3,lengkap,51,Slow,51S,1.38,2.1,2.7,3.0,30.38,40.5,19.6,24.7,55.1,13.5,,261.7,7.41,12.93,-0.29,20.1,39.5,93.3,0.123,0.542,4.4
Solinco Barb Wire 16,solinco barb wire,Polyester,1.3,lengkap,62,Fast,62F,1.38,2.1,2.7,3.0,40.73,32.3,29.1,51.4,92.2,33.5,,246.9,8.49,12.52,0.44,21.4,34.7,89.3,0.123,0.542,4.4
Solinco Barb Wire 16,solinco barb wire,Polyester,1.3,lengkap,62,Medium,62M,1.38,2.1,2.7,3.0,40.73,34.1,24.1,40.4,80.9,24.4,,282.3,8.49,12.52,0.16,21.2,34.3,92.7,0.123,0.542,4.4
Solinco Barb Wire 16,solinco barb wire,Polyester,1.3,lengkap,62,Slow,62S,1.38,2.1,2.7,3.0,40.09,37.5,18.0,23.4,63.5,14.3,,293.8,8.49,13.16,-0.35,21.4,34.5,96.2,0.123,0.542,4.4
Solinco Barb Wire 16L (1.25),solinco barb wire,Polyester,1.25,referensi_51F,51,Fast,51F,1.19,2.1,3.6,2.1,34.0,35.3,32.8,48.3,82.2,33.7,15.4,182.9,4.01,12.71,0.29,17.0,33.5,85.4,0.105,0.59,5.6
Solinco Barb Wire 17 (1.20),solinco barb wire,Polyester,1.2,lengkap,40,Fast,40F,1.25,2.1,3.3,4.5,21.81,38.2,34.1,47.6,69.5,29.6,,166.9,4.81,13.07,0.42,18.3,46.1,84.8,0.113,0.557,4.9
Solinco Barb Wire 17 (1.20),solinco barb wire,Polyester,1.2,lengkap,40,Medium,40M,1.25,2.1,3.3,4.5,21.81,40.6,29.0,37.7,59.5,21.6,,182.3,4.81,13.07,0.42,18.3,46.1,87.0,0.113,0.557,4.9
Solinco Barb Wire 17 (1.20),solinco barb wire,Polyester,1.2,lengkap,40,Slow,40S,1.25,2.1,3.3,4.5,21.32,45.2,22.0,24.5,45.6,12.6,,204.6,4.81,13.56,-0.18,18.1,45.8,92.5,0.113,0.557,4.9
Solinco Barb Wire 17 (1.20),solinco barb wire,Polyester,1.2,lengkap,51,Fast,51F,1.25,2.1,3.3,4.5,29.55,35.9,32.1,47.2,76.7,30.8,,186.3,6.35,14.82,0.44,21.6,42.6,85.7,0.113,0.557,4.9
Solinco Barb Wire 17 (1.20),solinco barb wire,Polyester,1.2,lengkap,51,Medium,51M,1.25,2.1,3.3,4.5,29.55,37.9,27.1,37.3,66.8,22.6,,206.3,6.35,14.82,0.27,21.4,42.3,90.4,0.113,0.557,4.9
Solinco Barb Wire 17 (1.20),solinco barb wire,Polyester,1.2,lengkap,51,Slow,51S,1.25,2.1,3.3,4.5,29.02,42.1,20.0,22.9,52.0,13.0,,233.7,6.35,15.35,-0.26,21.4,42.3,95.3,0.113,0.557,4.9
Solinco Barb Wire 17 (1.20),solinco barb wire,Polyester,1.2,lengkap,62,Fast,62F,1.25,2.1,3.3,4.5,36.74,34.1,30.9,46.3,83.1,32.1,,197.2,7.72,17.28,0.51,25.6,41.3,89.3,0.113,0.557,4.9
Solinco Barb Wire 17 (1.20),solinco barb wire,Polyester,1.2,lengkap,62,Medium,62M,1.25,2.1,3.3,4.5,36.76,36.0,26.0,36.4,73.2,23.8,,218.9,7.72,17.26,0.2,25.1,40.8,93.3,0.113,0.557,4.9
Solinco Barb Wire 17 (1.20),solinco barb wire,Polyester,1.2,lengkap,62,Slow,62S,1.25,2.1,3.3,4.5,36.12,39.6,18.7,22.1,58.0,13.6,,254.3,7.72,17.9,-0.44,25.1,40.8,96.4,0.113,0.557,4.9
Solinco Confidential Soft 16L (1.25),solinco confidential soft,Polyester,1.25,referensi_51F,51,Fast,51F,1.00,7.9,10.6,11.5,36.82,34.2,31.9,48.5,85.3,34.0,16.0,194.3,3.79,10.11,0.13,14.1,27.7,86.9,0.081,0.525,6.5
Solinco Hyper-G 16 Round (1.30),solinco hyper g round,Polyester,1.3,referensi_51F,51,Fast,51F,,1.5,3.6,3.3,34.62,33.8,30.9,53.4,88.0,34.0,16.4,226.3,4.37,11.73,0.27,16.3,32.3,88.0,0.066,0.484,7.3
Solinco Hyper-G-Soft 16L (1.25),solinco hyper g soft,Polyester,1.25,referensi_51F,51,Fast,51F,1.28,7.0,2.4,12.1,36.27,35.7,33.9,48.5,84.9,35.9,30.8,172.0,4.3,10.15,0.11,14.6,28.7,88.0,0.099,0.512,5.2
Solinco Mach 10 16 (1.30),solinco mach 10,Polyester,1.3,referensi_51F,51,Fast,51F,1.32,,,13.0,37.71,33.6,29.0,46.1,83.8,30.3,15.7,222.3,4.41,8.6,0.36,13.5,26.3,87.0,0.081,0.486,6.0
Solinco Outlast 16,solinco outlast,Polyester,1.3,lengkap,40,Fast,40F,1.35,1.5,2.7,3.9,17.97,38.3,34.0,53.4,71.2,30.3,,187.5,5.4,16.32,0.48,22.3,55.9,80.8,0.069,0.416,6.0
Solinco Outlast 16,solinco outlast,Polyester,1.3,lengkap,40,Medium,40M,1.35,1.5,2.7,3.9,17.95,40.6,29.4,44.1,62.2,22.8,,208.0,5.4,16.34,0.33,22.1,55.6,85.2,0.069,0.416,6.0
Solinco Outlast 16,solinco outlast,Polyester,1.3,lengkap,40,Slow,40S,1.35,1.5,2.7,3.9,17.51,45.5,22.0,29.1,46.5,12.8,,244.0,5.4,16.78,-0.09,22.1,55.7,93.3,0.069,0.416,6.0
Solinco Outlast 16,solinco outlast,Polyester,1.3,lengkap,51,Fast,51F,1.35,1.5,2.7,3.9,27.28,35.6,32.0,52.5,79.6,31.9,,208.0,8.16,15.28,0.56,24.0,47.3,86.7,0.069,0.416,6.0
Solinco Outlast 16,solinco outlast,Polyester,1.3,lengkap,51,Medium,51M,1.35,1.5,2.7,3.9,27.28,37.6,27.0,42.3,69.7,23.5,,236.0,8.16,15.28,0.33,23.8,46.9,89.1,0.069,0.416,6.0
Solinco Outlast 16,solinco outlast,Polyester,1.3,lengkap,51,Slow,51S,1.35,1.5,2.7,3.9,26.68,41.9,20.0,27.1,53.8,13.4,,274.9,8.16,15.88,-0.22,23.8,47.0,97.2,0.069,0.416,6.0
Solinco Outlast 16,solinco outlast,Polyester,1.3,lengkap,62,Fast,62F,1.35,1.5,2.7,3.9,37.53,33.2,30.0,52.0,89.5,33.5,,235.5,9.72,14.49,0.57,24.7,40.1,87.8,0.069,0.416,6.0
Solinco Outlast 16,solinco outlast,Polyester,1.3,lengkap,62,Medium,62M,1.35,1.5,2.7,3.9,37.53,34.9,25.0,40.8,78.3,24.5,,264.6,9.72,14.49,0.27,24.5,39.6,93.5,0.069,0.416,6.0
Solinco Outlast 16,solinco outlast,Polyester,1.3,lengkap,62,Slow,62S,1.35,1.5,2.7,3.9,36.89,38.4,18.0,24.7,61.5,13.9,,308.6,9.72,15.13,-0.37,24.5,39.6,98.0,0.069,0.416,6.0
Solinco Outlast 16L (1.25),solinco outlast,Polyester,1.25,referensi_51F,51,Fast,51F,1.29,1.5,4.2,7.0,36.34,33.9,31.8,51.6,88.0,35.0,16.6,208.0,4.04,10.34,0.22,14.6,28.8,88.7,0.073,0.474,6.5
Solinco Outlast 17,solinco outlast,Polyester,1.2,lengkap,40,Fast,40F,1.24,2.4,4.2,5.8,15.9,41.0,36.1,48.3,64.2,28.9,,150.9,6.92,16.87,0.53,24.3,61.3,76.9,0.074,0.406,5.5
Solinco Outlast 17,solinco outlast,Polyester,1.2,lengkap,40,Medium,40M,1.24,2.4,4.2,5.8,15.85,43.6,31.0,38.8,54.7,21.2,,164.0,6.92,16.92,0.35,24.3,60.9,82.8,0.074,0.406,5.5
Solinco Outlast 17,solinco outlast,Polyester,1.2,lengkap,40,Slow,40S,1.24,2.4,4.2,5.8,15.44,48.4,23.8,26.5,41.9,12.5,,189.7,6.92,17.33,-0.04,24.3,61.0,89.3,0.074,0.406,5.5
Solinco Outlast 17,solinco outlast,Polyester,1.2,lengkap,51,Fast,51F,1.24,2.4,4.2,5.8,25.73,36.9,33.0,49.0,74.7,30.8,,182.9,8.67,16.32,0.57,25.6,50.4,83.9,0.074,0.406,5.5
Solinco Outlast 17,solinco outlast,Polyester,1.2,lengkap,51,Medium,51M,1.24,2.4,4.2,5.8,25.91,39.1,28.0,39.7,65.5,23.0,,205.2,8.67,16.14,0.46,25.4,49.8,90.8,0.074,0.406,5.5
Solinco Outlast 17,solinco outlast,Polyester,1.2,lengkap,51,Slow,51S,1.24,2.4,4.2,5.8,25.47,43.1,20.5,25.1,50.5,13.0,,241.7,8.67,16.58,-0.15,25.1,49.5,94.7,0.074,0.406,5.5
Solinco Outlast 17,solinco outlast,Polyester,1.2,lengkap,62,Fast,62F,1.24,2.4,4.2,5.8,35.61,34.1,30.8,49.8,85.6,32.9,,214.3,9.66,16.47,0.55,26.7,43.2,88.5,0.074,0.406,5.5
Solinco Outlast 17,solinco outlast,Polyester,1.2,lengkap,62,Medium,62M,1.24,2.4,4.2,5.8,35.63,36.0,26.0,38.8,74.5,24.2,,233.7,9.66,16.45,0.33,26.5,42.8,93.7,0.074,0.406,5.5
Solinco Outlast 17,solinco outlast,Polyester,1.2,lengkap,62,Slow,62S,1.24,2.4,4.2,5.8,35.04,39.7,19.0,23.4,58.4,13.9,,262.9,9.66,17.04,-0.33,26.5,42.7,97.0,0.074,0.406,5.5
Solinco Outlast 18 (1.15),solinco outlast,Polyester,1.15,referensi_51F,51,Fast,51F,1.35,2.4,2.4,3.9,37.37,34.6,32.2,47.6,84.9,34.2,17.1,186.3,3.09,10.26,0.3,13.7,26.9,90.6,0.077,0.509,6.6
Solinco Revolution 16,solinco revolution,Polyester,1.3,lengkap,40,Fast,40F,1.33,1.8,2.4,,18.39,38.1,34.0,54.5,72.8,30.9,,191.5,5.25,16.05,0.53,21.8,55.0,79.6,0.07,0.451,6.4
Solinco Revolution 16,solinco revolution,Polyester,1.3,lengkap,40,Medium,40M,1.33,1.8,2.4,,18.46,40.4,29.0,43.9,62.4,22.6,,212.6,5.25,15.98,0.38,21.6,54.4,86.9,0.07,0.451,6.4
Solinco Revolution 16,solinco revolution,Polyester,1.3,lengkap,40,Slow,40S,1.33,1.8,2.4,,18.06,45.2,22.0,28.9,46.7,12.9,,241.7,5.25,16.38,-0.04,21.6,54.4,94.1,0.07,0.451,6.4
Solinco Revolution 16,solinco revolution,Polyester,1.3,lengkap,51,Fast,51F,1.33,1.8,2.4,,27.3,35.4,32.0,54.5,81.8,32.7,,215.5,8.33,15.09,0.62,24.0,47.4,84.3,0.07,0.451,6.4
Solinco Revolution 16,solinco revolution,Polyester,1.3,lengkap,51,Medium,51M,1.33,1.8,2.4,,27.32,37.4,26.8,43.7,71.0,23.8,,247.5,8.33,15.07,0.37,23.8,46.9,89.1,0.07,0.451,6.4
Solinco Revolution 16,solinco revolution,Polyester,1.3,lengkap,51,Slow,51S,1.33,1.8,2.4,,26.68,41.7,20.0,27.6,54.2,13.6,,281.2,8.33,15.71,-0.31,23.8,46.8,95.3,0.07,0.451,6.4
Solinco Revolution 16,solinco revolution,Polyester,1.3,lengkap,62,Fast,62F,1.33,1.8,2.4,,37.73,32.9,29.9,53.6,91.3,34.1,,243.5,10.72,13.29,0.6,24.7,39.9,87.2,0.07,0.451,6.4
Solinco Revolution 16,solinco revolution,Polyester,1.3,lengkap,62,Medium,62M,1.33,1.8,2.4,,37.73,34.7,25.0,42.6,80.3,25.0,,277.7,10.72,13.29,0.29,24.3,39.4,92.5,0.07,0.451,6.4
Solinco Revolution 16,solinco revolution,Polyester,1.3,lengkap,62,Slow,62S,1.33,1.8,2.4,,37.11,38.3,18.1,25.4,62.4,14.1,,315.5,10.72,13.91,-0.29,24.3,39.4,95.1,0.07,0.451,6.4
Solinco Revolution 16L (1.25),solinco revolution,Polyester,1.25,referensi_51F,51,Fast,51F,1.24,1.8,3.6,5.8,36.49,33.7,31.5,52.0,88.6,34.9,16.4,212.6,4.12,10.11,0.2,14.3,28.4,88.5,0.068,0.542,8.0
Solinco Revolution 17,solinco revolution,Polyester,1.2,lengkap,40,Fast,40F,1.25,2.1,3.6,5.5,16.07,40.3,36.0,49.8,65.9,29.6,,156.0,7.1,16.52,0.37,24.0,60.4,77.3,0.072,0.476,6.6
Solinco Revolution 17,solinco revolution,Polyester,1.2,lengkap,40,Medium,40M,1.25,2.1,3.6,5.5,16.14,42.7,30.8,40.8,56.9,21.9,,174.9,7.1,16.45,0.42,24.0,60.4,84.5,0.072,0.476,6.6
Solinco Revolution 17,solinco revolution,Polyester,1.2,lengkap,40,Slow,40S,1.25,2.1,3.6,5.5,15.79,47.7,23.1,26.7,42.6,12.3,,204.0,7.1,16.8,-0.02,23.8,60.2,90.6,0.072,0.476,6.6
Solinco Revolution 17,solinco revolution,Polyester,1.2,lengkap,51,Fast,51F,1.25,2.1,3.6,5.5,25.91,36.7,33.0,50.3,76.3,31.4,,188.6,9.48,15.33,0.55,25.4,50.0,83.4,0.072,0.476,6.6
Solinco Revolution 17,solinco revolution,Polyester,1.2,lengkap,51,Medium,51M,1.25,2.1,3.6,5.5,25.89,38.8,28.0,40.4,66.2,23.2,,209.2,9.48,15.35,0.38,25.1,49.7,88.2,0.072,0.476,6.6
Solinco Revolution 17,solinco revolution,Polyester,1.2,lengkap,51,Slow,51S,1.25,2.1,3.6,5.5,25.47,43.1,20.7,25.8,51.2,13.2,,244.6,9.48,15.77,-0.04,25.1,49.7,92.9,0.072,0.476,6.6
Solinco Revolution 17,solinco revolution,Polyester,1.2,lengkap,62,Fast,62F,1.25,2.1,3.6,5.5,35.99,33.9,30.5,50.3,86.4,32.9,,220.6,10.25,15.5,0.71,26.5,42.9,87.4,0.072,0.476,6.6
Solinco Revolution 17,solinco revolution,Polyester,1.2,lengkap,62,Medium,62M,1.25,2.1,3.6,5.5,36.03,35.8,25.9,39.2,75.4,24.4,,238.9,10.25,15.46,0.31,26.0,42.1,92.7,0.072,0.476,6.6
Solinco Revolution 17,solinco revolution,Polyester,1.2,lengkap,62,Slow,62S,1.25,2.1,3.6,5.5,35.46,39.5,19.0,24.0,59.5,14.1,,272.0,10.25,16.03,-0.33,26.0,42.0,95.3,0.072,0.476,6.6
Solinco Revolution 18 (1.16),solinco revolution,Polyester,1.16,referensi_51F,51,Fast,51F,1.33,2.1,3.3,,36.49,34.3,32.0,49.2,85.8,34.3,16.1,195.5,3.42,10.81,0.35,14.6,28.7,88.9,0.078,0.494,6.3
Solinco Tour Bite Diamond Rough 16 (1.30),solinco tour bite diamond rough,Polyester,1.3,lengkap,40,Fast,40F,,2.4,5.2,7.0,10.67,43.6,38.3,48.5,59.1,28.3,11.6,134.3,7.72,21.3,0.97,30.0,75.6,71.2,0.111,0.54,4.9
Solinco Tour Bite Diamond Rough 16 (1.30),solinco tour bite diamond rough,Polyester,1.3,lengkap,40,Medium,40M,,2.4,5.2,7.0,10.61,46.1,33.3,41.0,51.6,21.5,9.0,149.7,7.72,21.36,0.62,29.8,74.8,77.6,0.111,0.54,4.9
Solinco Tour Bite Diamond Rough 16 (1.30),solinco tour bite diamond rough,Polyester,1.3,lengkap,40,Slow,40S,,2.4,5.2,7.0,10.14,51.8,25.8,29.8,39.9,12.9,5.6,181.2,7.72,21.83,0.04,29.5,74.6,87.0,0.111,0.54,4.9
Solinco Tour Bite Diamond Rough 16 (1.30),solinco tour bite diamond rough,Polyester,1.3,lengkap,51,Fast,51F,,2.4,5.2,7.0,25.03,36.6,33.1,51.8,76.7,31.8,14.8,192.6,8.82,16.87,0.66,26.2,52.0,82.1,0.111,0.54,4.9
Solinco Tour Bite Diamond Rough 16 (1.30),solinco tour bite diamond rough,Polyester,1.3,lengkap,51,Medium,51M,,2.4,5.2,7.0,25.03,38.9,28.6,42.1,67.3,24.0,11.2,209.7,8.82,16.87,0.44,26.2,51.5,88.5,0.111,0.54,4.9
Solinco Tour Bite Diamond Rough 16 (1.30),solinco tour bite diamond rough,Polyester,1.3,lengkap,51,Slow,51S,,2.4,5.2,7.0,26.02,44.2,21.2,25.1,51.2,13.6,6.6,229.2,8.82,15.88,1.46,26.2,51.6,93.7,0.111,0.54,4.9
Solinco Tour Bite Diamond Rough 16 (1.30),solinco tour bite diamond rough,Polyester,1.3,lengkap,62,Fast,62F,,2.4,5.2,7.0,38.12,33.3,31.0,51.6,89.7,34.7,16.5,217.7,9.0,14.62,0.5,24.0,39.1,90.4,0.111,0.54,4.9
Solinco Tour Bite Diamond Rough 16 (1.30),solinco tour bite diamond rough,Polyester,1.3,lengkap,62,Medium,62M,,2.4,5.2,7.0,38.17,35.3,26.0,40.6,78.9,25.7,12.4,244.0,9.0,14.57,0.18,23.8,38.5,96.2,0.111,0.54,4.9
Solinco Tour Bite Diamond Rough 16 (1.30),solinco tour bite diamond rough,Polyester,1.3,lengkap,62,Slow,62S,,2.4,5.2,7.0,37.46,39.8,19.6,24.0,61.5,15.0,7.3,254.3,9.0,15.28,-0.38,23.8,38.7,96.8,0.111,0.54,4.9
Solinco Tour Bite Diamond Rough 16L (1.25),solinco tour bite diamond rough,Polyester,1.25,lengkap,40,Fast,40F,,2.7,5.2,6.4,11.42,42.7,38.0,49.6,61.1,29.0,11.9,139.4,7.94,20.33,0.9,29.1,73.5,73.3,0.095,0.516,5.4
Solinco Tour Bite Diamond Rough 16L (1.25),solinco tour bite diamond rough,Polyester,1.25,lengkap,40,Medium,40M,,2.7,5.2,6.4,11.62,45.1,32.6,41.2,52.9,21.6,9.2,158.3,7.94,20.13,0.73,28.9,72.6,79.0,0.095,0.516,5.4
Solinco Tour Bite Diamond Rough 16L (1.25),solinco tour bite diamond rough,Polyester,1.25,lengkap,40,Slow,40S,,2.7,5.2,6.4,11.03,51.7,25.7,28.4,39.5,12.7,5.5,175.5,7.94,20.72,0.27,28.9,72.9,87.2,0.095,0.516,5.4
Solinco Tour Bite Diamond Rough 16L (1.25),solinco tour bite diamond rough,Polyester,1.25,lengkap,51,Fast,51F,,2.7,5.2,6.4,27.5,35.9,33.3,52.3,79.6,33.2,14.9,191.5,8.62,14.6,0.6,23.8,47.0,85.7,0.095,0.516,5.4
Solinco Tour Bite Diamond Rough 16L (1.25),solinco tour bite diamond rough,Polyester,1.25,lengkap,51,Medium,51M,,2.7,5.2,6.4,27.47,38.1,28.0,42.3,69.9,24.5,11.6,218.9,8.62,14.63,0.22,23.4,46.3,92.4,0.095,0.516,5.4
Solinco Tour Bite Diamond Rough 16L (1.25),solinco tour bite diamond rough,Polyester,1.25,lengkap,51,Slow,51S,,2.7,5.2,6.4,26.9,43.6,21.1,25.8,52.7,13.8,6.7,235.5,8.62,15.2,-0.16,23.6,46.7,96.6,0.095,0.516,5.4
Solinco Tour Bite Diamond Rough 16L (1.25),solinco tour bite diamond rough,Polyester,1.25,lengkap,62,Fast,62F,,2.7,5.2,6.4,40.92,32.9,30.2,50.9,91.7,34.6,16.5,226.9,7.41,13.41,0.57,21.4,34.6,91.2,0.095,0.516,5.4
Solinco Tour Bite Diamond Rough 16L (1.25),solinco tour bite diamond rough,Polyester,1.25,lengkap,62,Medium,62M,,2.7,5.2,6.4,40.97,34.9,26.0,39.9,80.9,26.2,12.5,240.6,7.41,13.36,0.13,20.9,33.9,93.3,0.095,0.516,5.4
Solinco Tour Bite Diamond Rough 16L (1.25),solinco tour bite diamond rough,Polyester,1.25,lengkap,62,Slow,62S,,2.7,5.2,6.4,40.46,39.2,18.5,22.5,63.1,14.6,7.5,268.6,7.41,13.87,-0.22,20.9,34.1,97.4,0.095,0.516,5.4
Solinco Tour Bite Diamond Rough 17 (1.20),solinco tour bite diamond rough,Polyester,1.2,lengkap,40,Fast,40F,,3.6,6.1,7.0,12.15,42.9,38.3,48.1,60.2,28.8,11.9,133.7,9.13,18.41,0.88,28.4,71.6,74.3,0.119,0.516,4.3
Solinco Tour Bite Diamond Rough 17 (1.20),solinco tour bite diamond rough,Polyester,1.2,lengkap,40,Medium,40M,,3.6,6.1,7.0,12.11,45.9,33.5,38.8,50.9,21.4,9.1,140.0,9.13,18.45,0.64,28.2,71.1,78.9,0.119,0.516,4.3
Solinco Tour Bite Diamond Rough 17 (1.20),solinco tour bite diamond rough,Polyester,1.2,lengkap,40,Slow,40S,,3.6,6.1,7.0,11.8,51.9,25.8,27.1,38.8,12.5,5.4,165.2,9.13,18.76,0.16,28.0,70.7,88.7,0.119,0.516,4.3
Solinco Tour Bite Diamond Rough 17 (1.20),solinco tour bite diamond rough,Polyester,1.2,lengkap,51,Fast,51F,,3.6,6.1,7.0,29.33,35.9,33.3,49.6,78.9,32.9,14.9,181.7,6.46,14.93,0.67,22.1,43.5,87.0,0.119,0.516,4.3
Solinco Tour Bite Diamond Rough 17 (1.20),solinco tour bite diamond rough,Polyester,1.2,lengkap,51,Medium,51M,,3.6,6.1,7.0,29.35,38.1,28.0,39.2,68.8,24.1,11.3,203.5,6.46,14.91,0.35,21.8,42.8,91.0,0.119,0.516,4.3
Solinco Tour Bite Diamond Rough 17 (1.20),solinco tour bite diamond rough,Polyester,1.2,lengkap,51,Slow,51S,,3.6,6.1,7.0,29.77,43.2,20.8,22.9,52.7,13.7,6.8,216.0,6.46,14.49,0.84,21.8,43.0,95.3,0.119,0.516,4.3
Solinco Tour Bite Diamond Rough 17 (1.20),solinco tour bite diamond rough,Polyester,1.2,lengkap,62,Fast,62F,,3.6,6.1,7.0,39.4,33.6,31.5,48.3,87.8,34.5,16.1,197.7,6.73,15.61,0.26,22.5,36.6,90.4,0.119,0.516,4.3
Solinco Tour Bite Diamond Rough 17 (1.20),solinco tour bite diamond rough,Polyester,1.2,lengkap,62,Medium,62M,,3.6,6.1,7.0,39.8,35.5,26.0,37.7,77.6,25.2,12.4,225.7,6.73,15.21,0.11,22.1,35.7,93.9,0.119,0.516,4.3
Solinco Tour Bite Diamond Rough 17 (1.20),solinco tour bite diamond rough,Polyester,1.2,lengkap,62,Slow,62S,,3.6,6.1,7.0,39.25,39.8,19.1,21.6,60.6,14.5,7.4,238.3,6.73,15.76,-0.2,22.3,36.1,97.2,0.119,0.516,4.3
Solinco Tour Bite 16 Soft,solinco tour bite soft,Polyester,1.3,lengkap,40,Fast,40F,,2.4,4.5,5.8,14.99,40.8,36.0,47.6,62.6,28.1,12.7,148.6,7.56,17.14,0.66,25.4,63.9,76.4,0.08,0.549,6.9
Solinco Tour Bite 16 Soft,solinco tour bite soft,Polyester,1.3,lengkap,40,Medium,40M,,2.4,4.5,5.8,14.95,43.2,31.1,39.0,54.0,20.9,9.9,164.6,7.56,17.18,0.53,25.4,63.7,81.7,0.08,0.549,6.9
Solinco Tour Bite 16 Soft,solinco tour bite soft,Polyester,1.3,lengkap,40,Slow,40S,,2.4,4.5,5.8,14.33,48.5,23.5,26.5,40.8,12.0,5.8,193.7,7.56,17.8,-0.05,25.4,63.8,89.7,0.08,0.549,6.9
Solinco Tour Bite 16 Soft,solinco tour bite soft,Polyester,1.3,lengkap,51,Fast,51F,,2.4,4.5,5.8,25.82,36.2,33.0,49.2,75.0,31.0,14.8,184.0,7.06,17.84,0.62,25.6,50.3,83.7,0.08,0.549,6.9
Solinco Tour Bite 16 Soft,solinco tour bite soft,Polyester,1.3,lengkap,51,Medium,51M,,2.4,4.5,5.8,25.82,38.2,28.0,39.9,65.7,23.0,11.6,207.5,7.06,17.84,0.35,25.1,49.8,90.4,0.08,0.549,6.9
Solinco Tour Bite 16 Soft,solinco tour bite soft,Polyester,1.3,lengkap,51,Slow,51S,,2.4,4.5,5.8,25.0,42.8,20.1,25.1,50.3,12.6,6.7,253.7,7.06,18.66,-0.45,25.4,49.8,92.5,0.08,0.549,6.9
Solinco Tour Bite 16 Soft,solinco tour bite soft,Polyester,1.3,lengkap,62,Fast,62F,,2.4,4.5,5.8,36.78,33.1,30.0,50.1,86.9,32.6,16.4,225.7,7.94,17.02,0.62,25.6,41.4,86.3,0.08,0.549,6.9
Solinco Tour Bite 16 Soft,solinco tour bite soft,Polyester,1.3,lengkap,62,Medium,62M,,2.4,4.5,5.8,36.78,35.9,25.6,39.5,76.3,24.4,18.1,245.2,7.94,17.02,0.22,25.1,40.8,82.6,0.08,0.549,6.9
Solinco Tour Bite 16 Soft,solinco tour bite soft,Polyester,1.3,lengkap,62,Slow,62S,,2.4,4.5,5.8,36.16,38.4,18.1,22.9,59.1,13.3,7.0,285.2,7.94,17.64,-0.33,25.4,40.9,93.1,0.08,0.549,6.9
Solinco Tour Bite Soft 16L (1.25),solinco tour bite soft,Polyester,1.25,referensi_51F,51,Fast,51F,,1.5,3.6,7.0,36.05,34.7,32.2,48.7,84.9,34.1,16.3,192.0,3.51,11.16,0.22,15.0,29.3,88.5,0.088,0.507,5.8
Solinco Tour Bite Soft 17 (1.20),solinco tour bite soft,Polyester,1.2,referensi_51F,51,Fast,51F,1.33,1.8,8.5,4.2,36.16,34.9,32.3,47.6,83.8,33.8,15.8,186.3,3.46,11.1,0.26,14.8,29.2,87.0,0.092,0.526,5.7
Solinco Tour Bite Soft 18 (1.15),solinco tour bite soft,Polyester,1.15,referensi_51F,51,Fast,51F,1.33,1.5,3.0,9.4,35.17,35.5,33.0,46.1,81.4,33.5,15.9,172.0,3.18,12.37,0.33,15.9,31.3,88.4,0.092,0.674,7.3
Solinco Vanquish 16,solinco vanquish,Nylon,1.3,lengkap,40,Fast,40F,1.34,7.3,8.5,10.0,30.1,38.0,34.1,39.0,69.0,29.4,,136.0,5.18,4.41,0.16,9.7,24.6,90.6,0.094,0.363,3.9
Solinco Vanquish 16,solinco vanquish,Nylon,1.3,lengkap,40,Medium,40M,1.34,7.3,8.5,10.0,30.21,40.5,29.0,28.4,58.7,21.3,,137.7,5.18,4.3,0.09,9.5,24.1,91.4,0.094,0.363,3.9
Solinco Vanquish 16,solinco vanquish,Nylon,1.3,lengkap,40,Slow,40S,1.34,7.3,8.5,10.0,30.3,44.6,21.0,14.8,45.2,11.8,,136.6,5.18,4.21,0.03,9.5,23.7,95.6,0.094,0.363,3.9
Solinco Vanquish 16,solinco vanquish,Nylon,1.3,lengkap,51,Fast,51F,1.34,7.3,8.5,10.0,40.35,34.9,31.9,40.1,80.5,32.2,,160.0,6.0,4.37,0.17,10.6,20.8,93.1,0.094,0.363,3.9
Solinco Vanquish 16,solinco vanquish,Nylon,1.3,lengkap,51,Medium,51M,1.34,7.3,8.5,10.0,40.55,36.9,26.1,28.2,68.8,22.4,,168.6,6.0,4.17,0.04,10.1,20.1,95.5,0.094,0.363,3.9
Solinco Vanquish 16,solinco vanquish,Nylon,1.3,lengkap,51,Slow,51S,1.34,7.3,8.5,10.0,40.73,40.2,18.5,13.9,54.7,12.6,,164.6,6.0,3.99,0.0,9.9,19.7,96.2,0.094,0.363,3.9
Solinco Vanquish 16,solinco vanquish,Nylon,1.3,lengkap,62,Fast,62F,1.34,7.3,8.5,10.0,50.32,32.6,29.6,39.7,90.0,33.3,,184.6,7.41,4.01,0.29,11.7,19.0,95.3,0.094,0.363,3.9
Solinco Vanquish 16,solinco vanquish,Nylon,1.3,lengkap,62,Medium,62M,1.34,7.3,8.5,10.0,50.45,34.4,24.0,27.3,77.6,23.3,,192.0,7.41,3.88,0.0,11.2,18.3,96.0,0.094,0.363,3.9
Solinco Vanquish 16,solinco vanquish,Nylon,1.3,lengkap,62,Slow,62S,1.34,7.3,8.5,10.0,51.0,36.8,17.0,13.2,64.2,13.6,,184.6,7.41,3.33,-0.02,10.8,17.4,99.0,0.094,0.363,3.9
Solinco Vanquish 17 (1.20),solinco vanquish,Nylon,1.2,referensi_51F,51,Fast,51F,1.23,7.3,,5.8,42.34,35.2,32.6,37.9,80.3,32.7,16.0,145.7,3.48,4.9,0.22,8.6,17.0,93.5,0.087,0.512,5.9
Solinco X-Natural 16 (1.30),solinco x natural,Nylon,1.3,referensi_51F,51,Fast,51F,38,7.9,9.4,,40.04,35.4,33.0,38.6,78.7,32.5,15.9,144.6,4.78,5.9,0.24,11.0,21.5,93.7,0.108,0.479,4.4
Solinco X-Natural 17 (1.20),solinco x natural,Nylon,1.2,referensi_51F,51,Fast,51F,1.27,6.7,3.3,3.0,40.13,35.0,32.0,39.9,80.0,32.1,15.9,158.9,4.41,6.18,0.22,10.8,21.3,89.1,0.097,0.491,5.1
Tecnifibre Razor Code 16 (1.30),tecnifibre razor code,Polyester,1.3,lengkap,40,Fast,40F,,1.5,2.7,3.3,18.72,37.0,34.0,59.3,77.8,33.1,14.5,208.6,5.95,15.02,0.53,21.6,54.2,80.3,0.09,0.376,4.2
Tecnifibre Razor Code 16 (1.30),tecnifibre razor code,Polyester,1.3,lengkap,40,Medium,40M,,1.5,2.7,3.3,18.72,39.7,29.6,47.6,66.4,24.6,10.7,220.0,5.95,15.02,0.35,21.4,53.7,86.5,0.09,0.376,4.2
Tecnifibre Razor Code 16 (1.30),tecnifibre razor code,Polyester,1.3,lengkap,40,Slow,40S,,1.5,2.7,3.3,18.3,45.6,22.0,30.4,48.7,13.4,6.3,255.5,5.95,15.44,-0.02,21.4,53.8,95.5,0.09,0.376,4.2
Tecnifibre Razor Code 16 (1.30),tecnifibre razor code,Polyester,1.3,lengkap,51,Fast,51F,,1.5,2.7,3.3,34.55,33.1,31.0,57.3,91.9,35.6,16.5,242.9,5.36,10.81,0.39,16.5,32.7,87.8,0.09,0.376,4.2
Tecnifibre Razor Code 16 (1.30),tecnifibre razor code,Polyester,1.3,lengkap,51,Medium,51M,,1.5,2.7,3.3,34.55,35.3,27.0,45.0,79.6,26.8,15.5,251.5,5.36,10.81,0.15,16.3,32.2,91.0,0.09,0.376,4.2
Tecnifibre Razor Code 16 (1.30),tecnifibre razor code,Polyester,1.3,lengkap,51,Slow,51S,,1.5,2.7,3.3,34.11,40.0,19.4,26.2,60.4,14.6,7.1,284.6,5.36,11.25,-0.18,16.3,32.4,97.6,0.09,0.376,4.2
Tecnifibre Razor Code 16 (1.30),tecnifibre razor code,Polyester,1.3,lengkap,62,Fast,62F,,1.5,2.7,3.3,47.3,31.0,28.5,55.1,102.3,36.5,17.6,275.5,4.76,9.68,0.44,15.0,24.1,91.2,0.09,0.376,4.2
Tecnifibre Razor Code 16 (1.30),tecnifibre razor code,Polyester,1.3,lengkap,62,Medium,62M,,1.5,2.7,3.3,47.32,32.8,24.0,42.1,89.3,26.8,13.3,296.6,4.76,9.66,0.13,14.6,23.6,94.9,0.09,0.376,4.2
Tecnifibre Razor Code 16 (1.30),tecnifibre razor code,Polyester,1.3,lengkap,62,Slow,62S,,1.5,2.7,3.3,47.03,36.7,17.8,23.2,70.3,15.7,8.1,297.2,4.76,9.95,-0.22,14.6,23.5,98.6,0.09,0.376,4.2
Tecnifibre Razor Code 17 (1.25),tecnifibre razor code,Polyester,1.25,referensi_51F,51,Fast,51F,,2.1,6.1,3.3,35.94,33.4,31.0,54.2,90.2,34.9,16.3,229.2,4.06,10.72,0.22,15.0,29.6,88.7,0.086,0.48,5.6
Tecnifibre Razor Code 18 (1.20),tecnifibre razor code,Polyester,1.2,referensi_51F,51,Fast,51F,1.16,,7.0,4.5,36.71,33.6,31.1,51.4,88.2,34.2,16.6,216.6,3.64,10.37,0.35,14.3,28.3,88.7,0.083,0.509,6.1
Tecnifibre Razor Soft 17 (1.25),tecnifibre razor soft,Polyester,1.25,referensi_51F,51,Fast,51F,1.14,5.8,3.3,4.8,34.18,34.0,31.7,52.5,86.7,34.4,16.1,212.0,5.14,11.4,0.36,17.0,33.3,88.4,0.07,0.517,7.4
Tecnifibre X-One Biphase 16,tecnifibre x one biphase,Nylon/Polyurethane,1.3,lengkap,40,Fast,40F,1.32,6.4,7.3,8.5,32.5,36.9,33.9,39.2,71.7,30.4,,138.3,4.12,3.07,0.09,7.3,18.3,91.6,0.314,0.502,1.6
Tecnifibre X-One Biphase 16,tecnifibre x one biphase,Nylon/Polyurethane,1.3,lengkap,40,Medium,40M,1.32,6.4,7.3,8.5,32.59,39.4,28.0,28.7,61.3,21.5,,148.6,4.12,2.98,-0.02,7.1,17.8,93.9,0.314,0.502,1.6
Tecnifibre X-One Biphase 16,tecnifibre x one biphase,Nylon/Polyurethane,1.3,lengkap,40,Slow,40S,1.32,6.4,7.3,8.5,32.77,43.4,20.1,14.6,47.4,11.9,,148.0,4.12,2.8,0.0,6.8,17.4,94.5,0.314,0.502,1.6
Tecnifibre X-One Biphase 16,tecnifibre x one biphase,Nylon/Polyurethane,1.3,lengkap,51,Fast,51F,1.32,6.4,7.3,8.5,41.85,34.4,31.4,39.5,81.4,31.9,,162.9,5.14,3.73,0.13,9.0,17.7,92.7,0.314,0.502,1.6
Tecnifibre X-One Biphase 16,tecnifibre x one biphase,Nylon/Polyurethane,1.3,lengkap,51,Medium,51M,1.32,6.4,7.3,8.5,42.01,36.5,26.0,27.8,69.7,22.7,,166.9,5.14,3.57,0.0,8.8,17.2,96.6,0.314,0.502,1.6
Tecnifibre X-One Biphase 16,tecnifibre x one biphase,Nylon/Polyurethane,1.3,lengkap,51,Slow,51S,1.32,6.4,7.3,8.5,42.23,39.6,18.1,13.7,56.0,12.6,,169.7,5.14,3.35,-0.02,8.4,16.7,97.4,0.314,0.502,1.6
Tecnifibre X-One Biphase 16,tecnifibre x one biphase,Nylon/Polyurethane,1.3,lengkap,62,Fast,62F,1.32,6.4,7.3,8.5,52.77,32.1,29.0,38.1,91.1,33.0,,184.6,5.38,3.59,0.07,9.0,14.6,95.6,0.314,0.502,1.6
Tecnifibre X-One Biphase 16,tecnifibre x one biphase,Nylon/Polyurethane,1.3,lengkap,62,Medium,62M,1.32,6.4,7.3,8.5,52.94,33.8,24.0,26.9,79.8,23.9,,189.7,5.38,3.42,-0.07,8.8,14.1,97.8,0.314,0.502,1.6
Tecnifibre X-One Biphase 16,tecnifibre x one biphase,Nylon/Polyurethane,1.3,lengkap,62,Slow,62S,1.32,6.4,7.3,8.5,53.21,36.1,16.8,12.8,65.9,13.9,,182.9,5.38,3.15,-0.11,8.4,13.6,97.2,0.314,0.502,1.6
Tecnifibre X-One Biphase 17,tecnifibre x one biphase,Nylon/Polyurethane,1.24,lengkap,40,Fast,40F,1.29,6.4,7.3,8.5,33.65,36.5,33.2,39.5,73.2,30.4,,145.7,3.18,2.86,0.09,6.2,15.4,92.2,0.225,0.464,2.1
Tecnifibre X-One Biphase 17,tecnifibre x one biphase,Nylon/Polyurethane,1.24,lengkap,40,Medium,40M,1.29,6.4,7.3,8.5,33.71,38.9,28.0,28.2,62.0,21.7,,146.3,3.18,2.8,-0.03,6.0,15.0,93.5,0.225,0.464,2.1
Tecnifibre X-One Biphase 17,tecnifibre x one biphase,Nylon/Polyurethane,1.24,lengkap,40,Slow,40S,1.29,6.4,7.3,8.5,33.76,42.5,20.0,15.0,49.0,12.2,,153.7,3.18,2.75,-0.11,5.7,14.7,97.6,0.225,0.464,2.1
Tecnifibre X-One Biphase 17,tecnifibre x one biphase,Nylon/Polyurethane,1.24,lengkap,51,Fast,51F,1.29,6.4,7.3,8.5,43.17,34.1,30.8,39.0,82.2,31.7,,166.9,4.34,3.21,0.11,7.7,15.1,93.5,0.225,0.464,2.1
Tecnifibre X-One Biphase 17,tecnifibre x one biphase,Nylon/Polyurethane,1.24,lengkap,51,Medium,51M,1.29,6.4,7.3,8.5,43.31,36.0,25.9,27.3,70.6,22.8,,165.2,4.34,3.07,-0.02,7.5,14.6,95.1,0.225,0.464,2.1
Tecnifibre X-One Biphase 17,tecnifibre x one biphase,Nylon/Polyurethane,1.24,lengkap,51,Slow,51S,1.29,6.4,7.3,8.5,43.5,38.8,18.0,13.2,56.7,12.8,,165.7,4.34,2.88,-0.07,7.1,14.1,95.6,0.225,0.464,2.1
Tecnifibre X-One Biphase 17,tecnifibre x one biphase,Nylon/Polyurethane,1.24,lengkap,62,Fast,62F,1.29,6.4,7.3,8.5,52.59,32.1,29.0,38.1,90.8,32.9,,184.6,4.9,4.25,0.16,9.3,15.1,95.6,0.225,0.464,2.1
Tecnifibre X-One Biphase 17,tecnifibre x one biphase,Nylon/Polyurethane,1.24,lengkap,62,Medium,62M,1.29,6.4,7.3,8.5,52.81,33.8,24.0,26.5,79.2,23.8,,186.3,4.9,4.03,0.0,8.8,14.5,94.9,0.225,0.464,2.1
Tecnifibre X-One Biphase 17,tecnifibre x one biphase,Nylon/Polyurethane,1.24,lengkap,62,Slow,62S,1.29,6.4,7.3,8.5,53.14,36.2,16.4,13.0,66.2,13.6,,194.9,4.9,3.7,-0.02,8.6,13.9,95.5,0.225,0.464,2.1
Tecnifibre X-One Biphase 18,tecnifibre x one biphase,Nylon,1.18,lengkap,40,Fast,40F,1.20,7.6,8.8,10.0,32.77,37.4,34.0,36.8,69.7,29.6,,129.7,3.2,3.72,0.11,7.1,17.7,92.4,0.224,0.365,1.6
Tecnifibre X-One Biphase 18,tecnifibre x one biphase,Nylon,1.18,lengkap,40,Medium,40M,1.20,7.6,8.8,10.0,32.88,39.7,28.1,26.5,59.3,20.9,,135.4,3.2,3.61,0.03,6.8,17.2,95.3,0.224,0.365,1.6
Tecnifibre X-One Biphase 18,tecnifibre x one biphase,Nylon,1.18,lengkap,40,Slow,40S,1.20,7.6,8.8,10.0,32.99,43.5,20.2,13.0,46.1,11.7,,130.3,3.2,3.5,-0.02,6.6,16.8,96.0,0.224,0.365,1.6
Tecnifibre X-One Biphase 18,tecnifibre x one biphase,Nylon,1.18,lengkap,51,Fast,51F,1.20,7.6,8.8,10.0,41.28,34.9,31.9,36.6,77.8,31.1,,145.7,4.7,4.74,0.16,9.7,18.9,93.1,0.224,0.365,1.6
Tecnifibre X-One Biphase 18,tecnifibre x one biphase,Nylon,1.18,lengkap,51,Medium,51M,1.20,7.6,8.8,10.0,41.41,36.9,26.0,26.5,67.9,22.1,,158.3,4.7,4.61,0.02,9.3,18.4,96.8,0.224,0.365,1.6
Tecnifibre X-One Biphase 18,tecnifibre x one biphase,Nylon,1.18,lengkap,51,Slow,51S,1.20,7.6,8.8,10.0,41.54,40.1,18.6,12.8,54.5,12.7,,150.3,4.7,4.48,-0.02,9.0,18.0,98.4,0.224,0.365,1.6
Tecnifibre X-One Biphase 18,tecnifibre x one biphase,Nylon,1.18,lengkap,62,Fast,62F,1.20,7.6,8.8,10.0,50.63,32.8,29.9,37.0,87.5,32.8,,168.0,5.93,5.18,0.22,11.2,18.4,94.9,0.224,0.365,1.6
Tecnifibre X-One Biphase 18,tecnifibre x one biphase,Nylon,1.18,lengkap,62,Medium,62M,1.20,7.6,8.8,10.0,50.8,34.5,24.1,25.6,76.5,23.0,,180.0,5.93,5.01,0.04,11.0,17.8,96.0,0.224,0.365,1.6
Tecnifibre X-One Biphase 18,tecnifibre x one biphase,Nylon,1.18,lengkap,62,Slow,62S,1.20,7.6,8.8,10.0,51.11,37.0,17.1,12.3,63.5,13.5,,173.7,5.93,4.7,0.0,10.6,17.2,99.0,0.224,0.365,1.6
Toroline O-Toro 17 (1.23),toroline o toro,Polyester,1.23,referensi_51F,51,Fast,51F,1.33,6.1,7.3,8.5,28.33,37.1,33.9,47.0,75.2,31.9,14.7,165.7,4.96,17.43,0.15,22.5,44.4,84.3,0.064,0.601,9.4
Toroline O-TORO Snap 16L (1.25),toroline o toro snap,Polyester,1.25,referensi_51F,51,Fast,51F,1.30,1.5,3.0,3.3,29.88,36.5,33.8,46.3,76.3,32.2,14.7,164.6,4.85,15.99,0.33,21.2,41.7,84.6,0.061,0.529,8.7
Toroline O-Toro Spin 17 (1.23),toroline o toro spin,Polyester,1.23,referensi_51F,51,Fast,51F,1.20,1.8,3.9,5.5,31.53,35.9,33.0,46.3,77.8,32.1,14.8,173.2,3.77,15.42,0.26,19.4,38.3,85.4,0.084,0.687,8.2
Toroline O-Toro Tour 17 (1.23),toroline o toro tour,Polyester,1.23,referensi_51F,51,Fast,51F,1.21,2.1,2.7,3.6,38.26,33.3,31.0,50.9,89.3,34.6,16.2,216.6,3.06,9.4,0.2,12.6,25.0,86.5,0.079,0.608,7.7
Toroline Snapper 17 (1.23),toroline snapper,Polyester,1.23,referensi_51F,51,Fast,51F,,2.7,4.2,10.3,32.81,35.4,32.1,48.3,81.1,32.6,15.4,190.9,4.5,13.41,0.29,18.1,35.9,84.6,0.077,0.56,7.3
Toroline Super Toro 17 (1.23),toroline super toro,Polyester,1.23,referensi_51F,51,Fast,51F,1.26,1.5,2.4,4.8,33.3,35.1,32.0,47.8,81.1,32.5,15.4,189.7,4.87,12.55,0.18,17.6,34.7,85.2,0.076,0.594,7.8
Volkl Cyclone Tour 16 (1.30),volkl cyclone tour,Polyester,1.3,referensi_51F,51,Fast,51F,,7.3,2.7,4.5,24.7,37.6,34.2,48.1,72.8,31.1,14.4,167.4,6.39,19.63,0.4,26.5,52.1,83.2,0.068,0.592,8.7
Volkl Cyclone Tour 17 (1.25),volkl cyclone tour,Polyester,1.25,lengkap,40,Fast,40F,,2.4,4.8,7.0,14.71,41.5,36.9,45.6,60.4,27.9,12.2,136.6,6.64,18.34,0.6,25.6,64.4,76.4,0.078,0.472,6.1
Volkl Cyclone Tour 17 (1.25),volkl cyclone tour,Polyester,1.25,lengkap,40,Medium,40M,,2.4,4.8,7.0,14.66,43.7,31.8,37.7,52.5,20.9,9.6,152.0,6.64,18.39,0.33,25.4,63.9,82.8,0.078,0.472,6.1
Volkl Cyclone Tour 17 (1.25),volkl cyclone tour,Polyester,1.25,lengkap,40,Slow,40S,,2.4,4.8,7.0,14.44,48.8,23.9,25.8,40.4,12.1,5.8,184.0,6.64,18.61,0.15,25.4,64.0,91.0,0.078,0.472,6.1
Volkl Cyclone Tour 17 (1.25),volkl cyclone tour,Polyester,1.25,lengkap,51,Fast,51F,,2.4,4.8,7.0,24.56,36.9,33.8,48.1,72.5,30.6,14.6,170.9,7.12,19.04,0.5,26.7,52.6,82.6,0.078,0.472,6.1
Volkl Cyclone Tour 17 (1.25),volkl cyclone tour,Polyester,1.25,lengkap,51,Medium,51M,,2.4,4.8,7.0,24.63,39.1,28.1,38.6,63.3,22.2,11.1,199.5,7.12,18.97,0.46,26.5,52.3,88.7,0.078,0.472,6.1
Volkl Cyclone Tour 17 (1.25),volkl cyclone tour,Polyester,1.25,lengkap,51,Slow,51S,,2.4,4.8,7.0,24.23,43.7,20.7,24.0,48.3,12.5,6.6,228.6,7.12,19.37,-0.03,26.5,52.2,94.9,0.078,0.472,6.1
Volkl Cyclone Tour 17 (1.25),volkl cyclone tour,Polyester,1.25,lengkap,62,Fast,62F,,2.4,4.8,7.0,36.23,33.6,30.3,48.3,84.5,32.0,16.3,213.2,7.41,18.1,0.55,26.0,42.2,89.9,0.078,0.472,6.1
Volkl Cyclone Tour 17 (1.25),volkl cyclone tour,Polyester,1.25,lengkap,62,Medium,62M,,2.4,4.8,7.0,36.29,35.4,26.0,37.9,74.3,24.1,12.2,228.6,7.41,18.04,0.26,25.8,41.6,93.7,0.078,0.472,6.1
Volkl Cyclone Tour 17 (1.25),volkl cyclone tour,Polyester,1.25,lengkap,62,Slow,62S,,2.4,4.8,7.0,35.72,39.4,18.2,22.1,57.8,13.1,7.5,270.9,7.41,18.61,-0.29,25.8,41.7,97.4,0.078,0.472,6.1
Volkl Cyclone Tour 18 (1.20),volkl cyclone tour,Polyester,1.2,referensi_51F,51,Fast,51F,,7.6,3.0,7.0,25.25,37.8,34.5,46.5,71.9,31.0,14.3,159.4,6.33,19.14,0.55,26.0,51.3,84.6,0.073,0.572,7.8
Volkl V-Square 16 (1.30),volkl v square,Polyester,1.3,referensi_51F,51,Fast,51F,1.28,2.1,4.2,3.9,26.68,36.4,33.1,51.6,78.3,32.4,14.8,190.9,6.84,17.2,0.24,24.3,47.9,83.7,0.069,0.781,11.3
Wilson Revolve Spin 16,wilson revolve spin,Polyester,1.3,referensi_51F,51,Fast,51F,,3.6,2.1,4.5,23.06,47.5,34.1,49.4,72.3,30.8,11.5,172.6,9.08,18.58,0.0,27.6,54.5,,0.092,0.457,5.0
Yonex Poly Tour Air 16L,yonex poly tour air,Polyester,1.25,referensi_51F,51,Fast,51F,1.34,,2.3,3.6,30.27,36.4,33.7,43.2,73.6,31.0,14.8,154.9,4.67,15.78,0.33,20.7,41.0,88.0,0.108,0.457,4.2
Yonex Poly Tour Drive 16L (1.25),yonex poly tour drive,Polyester,1.25,referensi_51F,51,Fast,51F,1.22,1.8,3.6,8.5,27.01,36.0,33.0,52.5,79.4,32.7,14.9,195.5,6.88,16.83,0.18,23.8,47.1,84.1,0.066,0.5,7.6
Yonex Poly Tour Pro Yellow 16 (1.30),yonex poly tour pro yellow,Polyester,1.3,lengkap,40,Fast,40F,1.32,2.1,2.7,3.6,21.7,37.6,34.0,49.4,71.0,30.2,,173.7,5.27,12.72,0.42,18.5,46.4,83.7,0.111,0.374,3.4
Yonex Poly Tour Pro Yellow 16 (1.30),yonex poly tour pro yellow,Polyester,1.3,lengkap,40,Medium,40M,1.32,2.1,2.7,3.6,21.7,39.8,28.5,39.7,61.3,21.8,,198.9,5.27,12.72,0.22,18.3,45.9,86.9,0.111,0.374,3.4
Yonex Poly Tour Pro Yellow 16 (1.30),yonex poly tour pro yellow,Polyester,1.3,lengkap,40,Slow,40S,1.32,2.1,2.7,3.6,21.19,44.5,21.9,25.8,47.0,12.8,,218.9,5.27,13.23,-0.31,18.1,45.8,93.7,0.111,0.374,3.4
Yonex Poly Tour Pro Yellow 16 (1.30),yonex poly tour pro yellow,Polyester,1.3,lengkap,51,Fast,51F,1.32,2.1,2.7,3.6,28.6,35.8,32.0,48.1,76.7,30.7,,191.5,7.56,14.56,0.46,22.5,44.5,87.0,0.111,0.374,3.4
Yonex Poly Tour Pro Yellow 16 (1.30),yonex poly tour pro yellow,Polyester,1.3,lengkap,51,Medium,51M,1.32,2.1,2.7,3.6,28.6,37.7,27.2,38.1,66.8,22.7,,210.3,7.56,14.56,0.24,22.3,44.1,92.2,0.111,0.374,3.4
Yonex Poly Tour Pro Yellow 16 (1.30),yonex poly tour pro yellow,Polyester,1.3,lengkap,51,Slow,51S,1.32,2.1,2.7,3.6,28.0,42.0,20.0,23.8,51.8,12.9,,241.2,7.56,15.16,-0.33,22.3,44.1,99.2,0.111,0.374,3.4
Yonex Poly Tour Pro Yellow 16 (1.30),yonex poly tour pro yellow,Polyester,1.3,lengkap,62,Fast,62F,1.32,2.1,2.7,3.6,33.69,34.5,31.1,47.8,81.6,31.7,,200.6,9.46,18.59,0.55,28.7,46.3,88.5,0.111,0.374,3.4
Yonex Poly Tour Pro Yellow 16 (1.30),yonex poly tour pro yellow,Polyester,1.3,lengkap,62,Medium,62M,1.32,2.1,2.7,3.6,33.69,36.3,26.0,37.9,71.7,23.3,,228.0,9.46,18.59,0.17,28.2,45.7,92.9,0.111,0.374,3.4
Yonex Poly Tour Pro Yellow 16 (1.30),yonex poly tour pro yellow,Polyester,1.3,lengkap,62,Slow,62S,1.32,2.1,2.7,3.6,32.96,40.2,19.2,22.9,56.0,13.5,,253.2,9.46,19.32,-0.45,28.4,45.9,95.6,0.111,0.374,3.4
Yonex Poly Tour Pro Yellow 16L (1.25),yonex poly tour pro yellow,Polyester,1.25,lengkap,40,Fast,40F,1.25,1.8,3.0,3.9,21.12,38.0,34.0,49.0,70.1,29.8,,172.6,4.85,13.72,0.39,19.0,47.8,85.0,,,
Yonex Poly Tour Pro Yellow 16L (1.25),yonex poly tour pro yellow,Polyester,1.25,lengkap,40,Medium,40M,1.25,1.8,3.0,3.9,21.1,40.3,29.1,39.0,60.2,21.9,,187.5,4.85,13.74,0.17,18.7,47.3,86.9,,,
Yonex Poly Tour Pro Yellow 16L (1.25),yonex poly tour pro yellow,Polyester,1.25,lengkap,40,Slow,40S,1.25,1.8,3.0,3.9,20.55,45.2,22.0,25.4,46.1,12.6,,213.7,4.85,14.29,-0.29,19.0,47.5,95.3,,,
Yonex Poly Tour Pro Yellow 16L (1.25),yonex poly tour pro yellow,Polyester,1.25,lengkap,51,Fast,51F,1.25,1.8,3.0,3.9,27.65,36.3,32.6,47.4,75.0,30.5,,181.2,7.08,15.99,0.44,23.6,46.3,86.5,,,
Yonex Poly Tour Pro Yellow 16L (1.25),yonex poly tour pro yellow,Polyester,1.25,lengkap,51,Medium,51M,1.25,1.8,3.0,3.9,27.65,38.3,27.9,38.1,65.9,23.0,,198.9,7.08,15.99,0.2,23.4,45.9,90.8,,,
Yonex Poly Tour Pro Yellow 16L (1.25),yonex poly tour pro yellow,Polyester,1.25,lengkap,51,Slow,51S,1.25,1.8,3.0,3.9,27.1,42.6,20.1,23.2,50.3,12.6,,233.7,7.08,16.54,-0.29,23.4,46.0,95.1,,,
Yonex Poly Tour Pro Yellow 16L (1.25),yonex poly tour pro yellow,Polyester,1.25,lengkap,62,Fast,62F,1.25,1.8,3.0,3.9,30.94,35.4,32.0,47.4,78.3,31.3,,188.0,9.46,21.34,0.53,31.3,50.8,87.8,,,
Yonex Poly Tour Pro Yellow 16L (1.25),yonex poly tour pro yellow,Polyester,1.25,lengkap,62,Medium,62M,1.25,1.8,3.0,3.9,30.96,37.3,27.0,37.7,68.6,23.1,,210.3,9.46,21.32,0.24,31.1,50.2,92.4,,,
Yonex Poly Tour Pro Yellow 16L (1.25),yonex poly tour pro yellow,Polyester,1.25,lengkap,62,Slow,62S,1.25,1.8,3.0,3.9,30.21,41.4,20.0,22.9,53.1,13.3,,234.3,9.46,22.07,-0.35,31.1,50.5,95.8,,,
Yonex PolyTour REV 16 (1.30),yonex polytour rev,Polyester,1.3,referensi_51F,51,Fast,51F,1.34,1.5,6.1,9.4,34.07,34.0,31.3,50.5,84.5,33.1,15.6,208.6,4.9,11.75,0.22,16.8,33.3,86.3,,,
Yonex Polytour Rev 16L (1.25),yonex polytour rev,Polyester,1.25,referensi_51F,51,Fast,51F,1.24,7.0,9.1,12.7,33.34,34.8,32.0,48.7,82.0,32.8,15.6,193.2,5.12,12.26,0.07,17.4,34.4,87.6,0.074,0.533,7.2
Yonex Poly Tour Spin G 1.25,yonex poly tour spin g,Polyester,1.25,lengkap,40,Fast,40F,,1.5,2.1,2.7,22.65,35.9,33.8,60.4,83.1,35.1,15.1,214.9,4.5,12.54,0.47,17.4,44.1,87.2,0.104,0.497,4.8
Yonex Poly Tour Spin G 1.25,yonex poly tour spin g,Polyester,1.25,lengkap,40,Medium,40M,,1.5,2.1,2.7,22.71,38.6,29.0,47.4,70.1,25.4,11.3,229.2,4.5,12.48,0.35,17.4,43.7,89.1,0.104,0.497,4.8
Yonex Poly Tour Spin G 1.25,yonex poly tour spin g,Polyester,1.25,lengkap,40,Slow,40S,,1.5,2.1,2.7,23.81,44.8,22.0,27.8,51.6,14.2,6.5,233.2,4.5,11.38,1.43,17.4,43.6,93.7,0.104,0.497,4.8
Yonex Poly Tour Spin G 1.25,yonex poly tour spin g,Polyester,1.25,lengkap,51,Fast,51F,,1.5,2.1,2.7,37.84,33.0,31.0,56.0,93.9,36.4,17.0,237.2,4.3,8.58,0.18,13.0,25.7,89.7,0.104,0.497,4.8
Yonex Poly Tour Spin G 1.25,yonex poly tour spin g,Polyester,1.25,lengkap,51,Medium,51M,,1.5,2.1,2.7,38.43,35.3,26.4,43.2,81.8,27.0,13.5,252.0,4.3,7.99,0.13,12.3,24.5,92.7,0.104,0.497,4.8
Yonex Poly Tour Spin G 1.25,yonex poly tour spin g,Polyester,1.25,lengkap,51,Slow,51S,,1.5,2.1,2.7,37.95,39.9,19.2,24.7,62.6,15.1,7.4,270.9,4.3,8.47,-0.26,12.6,24.7,94.5,0.104,0.497,4.8
Yonex Poly Tour Spin G 1.25,yonex poly tour spin g,Polyester,1.25,lengkap,62,Fast,62F,,1.5,2.1,2.7,49.44,31.3,29.0,52.5,101.9,36.9,18.2,252.6,3.31,8.99,0.51,12.8,20.7,92.4,0.104,0.497,4.8
Yonex Poly Tour Spin G 1.25,yonex poly tour spin g,Polyester,1.25,lengkap,62,Medium,62M,,1.5,2.1,2.7,49.5,33.3,24.5,40.4,89.7,27.5,13.1,273.2,3.31,8.93,0.11,12.3,20.0,94.3,0.104,0.497,4.8
Yonex Poly Tour Spin G 1.25,yonex poly tour spin g,Polyester,1.25,lengkap,62,Slow,62S,,1.5,2.1,2.7,49.17,37.2,18.0,22.1,71.2,16.0,7.9,276.6,3.31,9.26,-0.31,12.3,19.9,98.0,0.104,0.497,4.8
Yonex Poly Tour Strike 16L (1.25),yonex poly tour strike,Polyester,1.25,referensi_51F,51,Fast,51F,,0.0,0.0,2.7,36.82,34.0,31.5,48.7,85.6,33.6,15.8,199.5,3.48,10.42,0.26,14.1,27.9,88.4,0.097,0.451,4.6
Yonex Rexis 16 (1.30),yonex rexis,Nylon,1.3,referensi_51F,51,Fast,51F,1.33,2.7,5.5,4.5,41.17,35.0,32.1,38.8,80.0,32.0,15.9,153.2,4.48,5.07,0.16,9.7,19.1,93.5,0.103,0.427,4.1
Yonex Rexis Comfort 16L (1.25),yonex rexis comfort,Nylon,1.25,referensi_51F,51,Fast,51F,1.27,1.5,3.3,3.0,38.79,36.0,34.2,37.0,75.9,32.4,15.6,128.6,4.76,7.17,0.25,12.1,24.0,92.4,0.074,0.477,6.4
Yonex Rexis Speed 16L (1.25),yonex rexis speed,Nylon,1.25,referensi_51F,51,Fast,51F,1.21,2.1,5.5,8.8,36.12,36.9,34.0,35.7,71.9,30.5,15.1,125.7,5.2,9.4,0.18,14.8,29.1,91.8,0.094,0.531,5.6
Babolat RPM Blast Rough 15L,babolat rpm blast rough,Polyester,1.35,referensi_51F,51,Fast,51F,1.25,7.6,3.0,3.9,32.24,34.4,31.9,50.1,82.5,32.9,16.0,199.5,5.38,13.1,0.31,18.7,37.0,86.3,0.072,0.523,7.3
Babolat RPM Blast Rough 16,babolat rpm blast rough,Polyester,1.3,referensi_51F,51,Fast,51F,1.44,3.0,5.5,3.3,36.05,33.6,31.0,49.6,85.8,33.2,16.4,209.7,3.84,10.83,0.28,15.0,29.5,90.1,0.07,0.577,8.2
Babolat RPM Blast Rough 17,babolat rpm blast rough,Polyester,1.25,referensi_51F,51,Fast,51F,1.32,3.9,3.3,7.6,32.96,34.4,32.0,49.2,82.2,32.9,15.7,196.0,5.23,12.53,0.33,18.1,35.7,86.1,0.057,0.564,9.9
Signum Pro Poly-Plasma Pure 16L,signum pro poly plasma pure,Polyester,1.28,lengkap,40,Fast,40F,1.31,1.5,2.4,3.3,21.01,36.9,33.2,54.2,75.2,31.2,,199.5,5.69,12.99,0.57,19.2,48.5,82.8,0.083,0.467,5.6
Signum Pro Poly-Plasma Pure 16L,signum pro poly plasma pure,Polyester,1.28,lengkap,40,Medium,40M,1.31,1.5,2.4,3.3,21.01,39.2,28.1,44.1,65.0,22.9,,227.5,5.69,12.99,0.28,19.0,47.8,90.2,0.083,0.467,5.6
Signum Pro Poly-Plasma Pure 16L,signum pro poly plasma pure,Polyester,1.28,lengkap,40,Slow,40S,1.31,1.5,2.4,3.3,20.66,44.0,21.2,28.0,48.5,12.8,,253.2,5.69,13.34,-0.07,19.0,47.8,93.9,0.083,0.467,5.6
Signum Pro Poly-Plasma Pure 16L,signum pro poly plasma pure,Polyester,1.28,lengkap,51,Fast,51F,1.31,1.5,2.4,3.3,30.63,34.5,31.1,52.7,83.3,32.4,,221.2,7.5,12.59,0.51,20.5,40.6,85.6,0.083,0.467,5.6
Signum Pro Poly-Plasma Pure 16L,signum pro poly plasma pure,Polyester,1.28,lengkap,51,Medium,51M,1.31,1.5,2.4,3.3,30.61,36.4,26.0,42.6,73.2,23.8,,256.6,7.5,12.61,0.27,20.3,40.2,91.2,0.083,0.467,5.6
Signum Pro Poly-Plasma Pure 16L,signum pro poly plasma pure,Polyester,1.28,lengkap,51,Slow,51S,1.31,1.5,2.4,3.3,30.08,40.4,19.5,25.4,55.6,13.5,,272.0,7.5,13.14,-0.15,20.5,40.4,95.8,0.083,0.467,5.6
Signum Pro Poly-Plasma Pure 16L,signum pro poly plasma pure,Polyester,1.28,lengkap,62,Fast,62F,1.31,1.5,2.4,3.3,38.76,32.7,29.6,52.7,91.3,33.8,,243.5,9.26,13.72,0.5,23.4,38.0,88.2,0.083,0.467,5.6
Signum Pro Poly-Plasma Pure 16L,signum pro poly plasma pure,Polyester,1.28,lengkap,62,Medium,62M,1.31,1.5,2.4,3.3,38.79,34.4,24.3,41.9,80.5,24.5,,287.5,9.26,13.69,0.25,23.2,37.6,92.7,0.083,0.467,5.6
Signum Pro Poly-Plasma Pure 16L,signum pro poly plasma pure,Polyester,1.28,lengkap,62,Slow,62S,1.31,1.5,2.4,3.3,38.34,37.8,18.0,24.0,62.4,14.0,,302.3,9.26,14.14,-0.25,23.2,37.5,95.6,0.083,0.467,5.6
Signum Pro Poly-Plasma Pure 17 (1.23),signum pro poly plasma pure,Polyester,1.23,lengkap,40,Fast,40F,1.25,2.1,3.0,4.2,20.86,37.9,34.0,51.8,72.8,30.9,,182.3,5.84,12.99,0.53,19.4,48.8,82.3,0.086,0.449,5.2
Signum Pro Poly-Plasma Pure 17 (1.23),signum pro poly plasma pure,Polyester,1.23,lengkap,40,Medium,40M,1.25,2.1,3.0,4.2,20.7,40.1,29.0,41.2,62.0,22.5,,200.0,5.84,13.15,0.26,19.2,48.5,85.9,0.086,0.449,5.2
Signum Pro Poly-Plasma Pure 17 (1.23),signum pro poly plasma pure,Polyester,1.23,lengkap,40,Slow,40S,1.25,2.1,3.0,4.2,20.53,44.7,21.9,26.5,47.0,12.9,,225.2,5.84,13.32,-0.13,19.0,47.9,89.5,0.086,0.449,5.2
Signum Pro Poly-Plasma Pure 17 (1.23),signum pro poly plasma pure,Polyester,1.23,lengkap,51,Fast,51F,1.25,2.1,3.0,4.2,29.55,35.4,32.0,50.3,79.8,31.9,,199.5,7.17,14.0,0.62,21.8,43.0,84.1,0.086,0.449,5.2
Signum Pro Poly-Plasma Pure 17 (1.23),signum pro poly plasma pure,Polyester,1.23,lengkap,51,Medium,51M,1.25,2.1,3.0,4.2,29.57,37.3,26.9,39.9,69.5,23.4,,225.2,7.17,13.98,0.38,21.6,42.4,89.9,0.086,0.449,5.2
Signum Pro Poly-Plasma Pure 17 (1.23),signum pro poly plasma pure,Polyester,1.23,lengkap,51,Slow,51S,1.25,2.1,3.0,4.2,29.11,41.3,20.0,24.9,54.0,13.5,,255.5,7.17,14.44,-0.15,21.4,42.3,94.3,0.086,0.449,5.2
Signum Pro Poly-Plasma Pure 17 (1.23),signum pro poly plasma pure,Polyester,1.23,lengkap,62,Fast,62F,1.25,2.1,3.0,4.2,37.33,33.5,30.0,50.3,87.8,32.9,,227.5,9.15,15.26,0.59,24.9,40.5,86.5,0.086,0.449,5.2
Signum Pro Poly-Plasma Pure 17 (1.23),signum pro poly plasma pure,Polyester,1.23,lengkap,62,Medium,62M,1.25,2.1,3.0,4.2,37.33,35.3,25.3,39.7,77.2,24.4,,252.6,9.15,15.26,0.2,24.7,39.9,92.7,0.086,0.449,5.2
Signum Pro Poly-Plasma Pure 17 (1.23),signum pro poly plasma pure,Polyester,1.23,lengkap,62,Slow,62S,1.25,2.1,3.0,4.2,36.87,38.9,18.1,23.2,60.0,13.5,,289.2,9.15,15.72,-0.17,24.7,40.0,95.5,0.086,0.449,5.2
Signum Pro Poly-Plasma Pure 17L (1.18),signum pro poly plasma pure,Polyester,1.18,lengkap,40,Fast,40F,1.19,2.1,3.3,4.5,21.17,38.1,34.0,50.1,71.2,30.2,,175.5,5.2,13.32,0.49,19.0,47.9,82.8,,0.391,
Signum Pro Poly-Plasma Pure 17L (1.18),signum pro poly plasma pure,Polyester,1.18,lengkap,40,Medium,40M,1.19,2.1,3.3,4.5,21.19,40.4,29.0,40.1,61.3,22.2,,193.2,5.2,13.3,0.31,18.7,47.4,86.7,,0.391,
Signum Pro Poly-Plasma Pure 17L (1.18),signum pro poly plasma pure,Polyester,1.18,lengkap,40,Slow,40S,1.19,2.1,3.3,4.5,20.75,45.3,22.0,26.2,47.0,12.9,,221.7,5.2,13.74,-0.13,18.7,47.4,91.0,,0.391,
Signum Pro Poly-Plasma Pure 17L (1.18),signum pro poly plasma pure,Polyester,1.18,lengkap,51,Fast,51F,1.19,2.1,3.3,4.5,28.91,35.9,32.0,49.4,78.3,31.3,,196.0,7.23,14.58,0.69,22.5,44.3,85.0,,0.391,
Signum Pro Poly-Plasma Pure 17L (1.18),signum pro poly plasma pure,Polyester,1.18,lengkap,51,Medium,51M,1.19,2.1,3.3,4.5,28.95,38.0,27.2,39.5,68.4,23.2,,216.6,7.23,14.54,0.37,22.1,43.7,89.7,,0.391,
Signum Pro Poly-Plasma Pure 17L (1.18),signum pro poly plasma pure,Polyester,1.18,lengkap,51,Slow,51S,1.19,2.1,3.3,4.5,28.4,42.2,20.2,24.3,52.5,13.3,,240.6,7.23,15.09,-0.24,22.1,43.5,94.5,,0.391,
Signum Pro Poly-Plasma Pure 17L (1.18),signum pro poly plasma pure,Polyester,1.18,lengkap,62,Fast,62F,1.19,2.1,3.3,4.5,36.6,33.8,30.1,49.8,86.4,32.5,,224.0,9.04,16.1,0.61,25.8,41.7,86.9,,0.391,
Signum Pro Poly-Plasma Pure 17L (1.18),signum pro poly plasma pure,Polyester,1.18,lengkap,62,Medium,62M,1.19,2.1,3.3,4.5,36.63,35.6,25.7,39.2,75.9,24.4,,241.2,9.04,16.07,0.25,25.4,41.1,91.0,,0.391,
Signum Pro Poly-Plasma Pure 17L (1.18),signum pro poly plasma pure,Polyester,1.18,lengkap,62,Slow,62S,1.19,2.1,3.3,4.5,36.32,39.2,18.2,22.9,59.3,13.5,,282.3,9.04,16.38,-0.15,25.4,40.9,92.4,,0.391,
Volkl Synthetic Gut 16,volkl synthetic gut,Nylon,1.3,lengkap,40,Fast,40F,1.30,7.6,9.4,10.6,32.99,36.8,33.1,38.1,71.2,29.4,,142.3,5.12,1.58,0.53,7.3,18.2,90.2,0.087,0.446,5.1
Volkl Synthetic Gut 16,volkl synthetic gut,Nylon,1.3,lengkap,40,Medium,40M,1.30,7.6,9.4,10.6,33.36,38.7,27.9,28.4,62.0,21.6,,148.6,5.12,1.21,0.13,6.4,16.3,92.4,0.087,0.446,5.1
Volkl Synthetic Gut 16,volkl synthetic gut,Nylon,1.3,lengkap,40,Slow,40S,1.30,7.6,9.4,10.6,34.42,42.0,19.9,14.8,49.2,12.3,,151.4,5.12,0.15,0.11,5.3,13.6,96.4,0.087,0.446,5.1
Volkl Synthetic Gut 16,volkl synthetic gut,Nylon,1.3,lengkap,51,Fast,51F,1.30,7.6,9.4,10.6,40.62,34.2,31.0,41.0,81.8,31.7,,173.7,5.84,4.26,0.18,10.4,20.3,92.0,0.087,0.446,5.1
Volkl Synthetic Gut 16,volkl synthetic gut,Nylon,1.3,lengkap,51,Medium,51M,1.30,7.6,9.4,10.6,40.79,36.2,26.0,29.5,70.3,22.8,,177.7,5.84,4.09,0.04,9.9,19.7,93.3,0.087,0.446,5.1
Volkl Synthetic Gut 16,volkl synthetic gut,Nylon,1.3,lengkap,51,Slow,51S,1.30,7.6,9.4,10.6,41.06,39.5,18.1,14.6,55.6,12.6,,180.6,5.84,3.82,0.05,9.7,19.1,94.3,0.087,0.446,5.1
Volkl Synthetic Gut 16,volkl synthetic gut,Nylon,1.3,lengkap,62,Fast,62F,1.30,7.6,9.4,10.6,50.52,32.1,29.0,40.6,91.1,33.0,,195.5,7.12,4.1,0.38,11.7,18.8,94.1,0.087,0.446,5.1
Volkl Synthetic Gut 16,volkl synthetic gut,Nylon,1.3,lengkap,62,Medium,62M,1.30,7.6,9.4,10.6,50.72,33.8,24.0,28.9,79.6,23.9,,204.0,7.12,3.9,0.03,11.0,17.9,94.5,0.087,0.446,5.1
Volkl Synthetic Gut 16,volkl synthetic gut,Nylon,1.3,lengkap,62,Slow,62S,1.30,7.6,9.4,10.6,50.96,36.4,17.0,14.1,65.3,13.9,,200.0,7.12,3.66,-0.09,10.8,17.3,96.8,0.087,0.446,5.1
Volkl Synthetic Gut 17,volkl synthetic gut,Nylon,1.25,lengkap,40,Fast,40F,1.28,7.9,9.4,10.6,29.26,37.9,34.0,39.0,68.4,29.1,,137.2,6.33,4.1,0.13,10.6,26.6,89.1,0.082,0.43,5.2
Volkl Synthetic Gut 17,volkl synthetic gut,Nylon,1.25,lengkap,40,Medium,40M,1.28,7.9,9.4,10.6,29.39,40.3,29.0,28.7,58.0,21.1,,138.3,6.33,3.97,0.06,10.4,26.1,95.8,0.082,0.43,5.2
Volkl Synthetic Gut 17,volkl synthetic gut,Nylon,1.25,lengkap,40,Slow,40S,1.28,7.9,9.4,10.6,29.5,44.8,21.0,15.0,44.5,11.7,,137.7,6.33,3.86,0.0,10.1,25.7,97.4,0.082,0.43,5.2
Volkl Synthetic Gut 17,volkl synthetic gut,Nylon,1.25,lengkap,51,Fast,51F,1.28,7.9,9.4,10.6,39.65,34.7,31.8,39.5,79.2,31.5,,158.9,6.39,4.68,0.2,11.2,22.2,92.2,0.082,0.43,5.2
Volkl Synthetic Gut 17,volkl synthetic gut,Nylon,1.25,lengkap,51,Medium,51M,1.28,7.9,9.4,10.6,39.82,36.8,26.0,28.4,68.4,22.2,,170.9,6.39,4.51,0.06,11.0,21.6,95.1,0.082,0.43,5.2
Volkl Synthetic Gut 17,volkl synthetic gut,Nylon,1.25,lengkap,51,Slow,51S,1.28,7.9,9.4,10.6,40.04,40.2,18.8,14.3,54.5,12.8,,164.6,6.39,4.29,0.02,10.8,21.1,95.5,0.082,0.43,5.2
Volkl Synthetic Gut 17,volkl synthetic gut,Nylon,1.25,lengkap,62,Fast,62F,1.28,7.9,9.4,10.6,49.11,32.6,29.7,39.2,88.2,32.7,,181.2,7.01,5.62,0.45,13.0,21.2,93.9,0.082,0.43,5.2
Volkl Synthetic Gut 17,volkl synthetic gut,Nylon,1.25,lengkap,62,Medium,62M,1.28,7.9,9.4,10.6,49.33,34.3,24.1,27.6,77.0,23.1,,193.7,7.01,5.4,0.07,12.6,20.2,96.0,0.082,0.43,5.2
Volkl Synthetic Gut 17,volkl synthetic gut,Nylon,1.25,lengkap,62,Slow,62S,1.28,7.9,9.4,10.6,49.59,37.0,17.1,13.2,62.8,13.4,,184.0,7.01,5.14,0.02,12.1,19.7,97.0,0.082,0.43,5.2
Babolat Rpm Hurricane,babolat rpm hurricane,Polyester,,tanpa_data,,,,,,,,,,,,,,,,,,,,,,,,
Babolat Xplore,babolat xplore,Tidak diketahui,,tanpa_data,,,,,,,,,,,,,,,,,,,,,,,,
Deshibeli 3n,deshibeli 3n,Polyester,,tanpa_data,,,,,,,,,,,,,,,,,,,,,,,,
Deshibeli 3t,deshibeli 3t,Polyester,,tanpa_data,,,,,,,,,,,,,,,,,,,,,,,,
Deshibeli Fast 3x,deshibeli fast 3x,Polyester,,tanpa_data,,,,,,,,,,,,,,,,,,,,,,,,
Deshibeli Macaron Ma3,deshibeli macaron ma3,Polyester,,tanpa_data,,,,,,,,,,,,,,,,,,,,,,,,
Grapplesnake Aspera Triplum,grapplesnake aspera triplum,Polyester,,tanpa_data,,,,,,,,,,,,,,,,,,,,,,,,
Grapplesnake Ces Neon Dust,grapplesnake ces neon dust,Polyester,,tanpa_data,,,,,,,,,,,,,,,,,,,,,,,,
Grapplesnake Game Changer,grapplesnake game changer,Polyester,,tanpa_data,,,,,,,,,,,,,,,,,,,,,,,,
Grapplesnake Irukandji,grapplesnake irukandji,Polyester,,tanpa_data,,,,,,,,,,,,,,,,,,,,,,,,
Grapplesnake Liquid Neon Dust,grapplesnake liquid neon dust,Polyester,,tanpa_data,,,,,,,,,,,,,,,,,,,,,,,,
Grapplesnake Liquid,grapplesnake liquid,Polyester,,tanpa_data,,,,,,,,,,,,,,,,,,,,,,,,
Grapplesnake Paradox Pro,grapplesnake paradox pro,Polyester,,tanpa_data,,,,,,,,,,,,,,,,,,,,,,,,
Grapplesnake Soldier,grapplesnake soldier,Polyester,,tanpa_data,,,,,,,,,,,,,,,,,,,,,,,,
Grapplesnake Tour Mako,grapplesnake tour mako,Polyester,,tanpa_data,,,,,,,,,,,,,,,,,,,,,,,,
Isospeed Baseline Speed,isospeed baseline speed,Polyester,,tanpa_data,,,,,,,,,,,,,,,,,,,,,,,,
Isospeed Baseline Spin,isospeed baseline spin,Polyester,,tanpa_data,,,,,,,,,,,,,,,,,,,,,,,,
Isospeed Spinrose,isospeed spinrose,Polyester,,tanpa_data,,,,,,,,,,,,,,,,,,,,,,,,
Mayami Big Spin,mayami big spin,Polyester,,tanpa_data,,,,,,,,,,,,,,,,,,,,,,,,
Mayami Hepta Power,mayami hepta power,Polyester,,tanpa_data,,,,,,,,,,,,,,,,,,,,,,,,
Mayami Machete,mayami machete,Polyester,,tanpa_data,,,,,,,,,,,,,,,,,,,,,,,,
Mayami Magic Twist,mayami magic twist,Polyester,,tanpa_data,,,,,,,,,,,,,,,,,,,,,,,,
Mayami Tour Hex,mayami tour hex,Polyester,,tanpa_data,,,,,,,,,,,,,,,,,,,,,,,,
Msv Swift Comfort,msv swift comfort,Polyester,,tanpa_data,,,,,,,,,,,,,,,,,,,,,,,,
Restring Slap,restring slap,Polyester,,tanpa_data,,,,,,,,,,,,,,,,,,,,,,,,
Restring Sync,restring sync,Polyester,,tanpa_data,,,,,,,,,,,,,,,,,,,,,,,,
Restring Vivo,restring vivo,Polyester,,tanpa_data,,,,,,,,,,,,,,,,,,,,,,,,
Restring Zero,restring zero,Polyester,,tanpa_data,,,,,,,,,,,,,,,,,,,,,,,,
Signum Pro Andromeda,signum pro andromeda,Polyester,,tanpa_data,,,,,,,,,,,,,,,,,,,,,,,,
Signum Pro Fibrecore,signum pro fibrecore,Polyester,,tanpa_data,,,,,,,,,,,,,,,,,,,,,,,,
Signum Pro Outbreak,signum pro outbreak,Polyester,,tanpa_data,,,,,,,,,,,,,,,,,,,,,,,,
Signum Pro Polaris,signum pro polaris,Polyester,,tanpa_data,,,,,,,,,,,,,,,,,,,,,,,,
Signum Pro Poly Power,signum pro poly power,Polyester,,tanpa_data,,,,,,,,,,,,,,,,,,,,,,,,
Signum Pro Thunderstorm,signum pro thunderstorm,Polyester,,tanpa_data,,,,,,,,,,,,,,,,,,,,,,,,
Toalson Asterista Metal Rainbow,toalson asterista metal rainbow,Polyester,,tanpa_data,,,,,,,,,,,,,,,,,,,,,,,,
Toalson Polygut Super,toalson polygut super,Polyester,,tanpa_data,,,,,,,,,,,,,,,,,,,,,,,,
Toalson Polygut,toalson polygut,Polyester,,tanpa_data,,,,,,,,,,,,,,,,,,,,,,,,
Toalson Recon Devil Spin,toalson recon devil spin,Polyester,,tanpa_data,,,,,,,,,,,,,,,,,,,,,,,,
Toalson Rencon,toalson rencon,Polyester,,tanpa_data,,,,,,,,,,,,,,,,,,,,,,,,
Toalson Spin Zone Hex,toalson spin zone hex,Polyester,,tanpa_data,,,,,,,,,,,,,,,,,,,,,,,,
Toalson Toa Gold,toalson toa gold,Polyester,,tanpa_data,,,,,,,,,,,,,,,,,,,,,,,,
Toalson Ultimate 115 Control,toalson ultimate 115 control,Polyester,,tanpa_data,,,,,,,,,,,,,,,,,,,,,,,,
Toroline Caviar,toroline caviar,Polyester,,tanpa_data,,,,,,,,,,,,,,,,,,,,,,,,
Toroline Enso Pro,toroline enso pro,Polyester,,tanpa_data,,,,,,,,,,,,,,,,,,,,,,,,
Toroline Toro Toro,toroline toro toro,Polyester,,tanpa_data,,,,,,,,,,,,,,,,,,,,,,,,
Toroline Wasabi,toroline wasabi,Polyester,,tanpa_data,,,,,,,,,,,,,,,,,,,,,,,,
Toroline Wasabi X,toroline wasabi x,Polyester,,tanpa_data,,,,,,,,,,,,,,,,,,,,,,,,
